[{"url":"https://i.scdn.co/image/3acc34a1f6b494f2a00ff916c54d6bc63fb7b0dc"},{"url":"https://i.scdn.co/image/4047ff295bb33fc7b24cac467764e014b4803e11"},{"url":"https://i.scdn.co/image/4816c45ce6ef1e45df6a84784d2123595f787182"},{"url":"https://i.scdn.co/image/bcba128b813ad3edfdbeed6750810347bb8603af"},{"url":"https://i.scdn.co/image/2e244b9284d317b2019bb9fd44d9a086210d4974"},{"url":"https://i.scdn.co/image/d1506b04c83cad18d63cca4c913e10ad46134047"},{"url":"https://i.scdn.co/image/d7769e825d9e8d4e335a4bd062f9d9781fa22720"},{"url":"https://i.scdn.co/image/c41dad509e3c255ad494b1b327ae977d7e84a1ed"},{"url":"https://i.scdn.co/image/d7d9fbf6929b5b1248e73649ea1ac832b576d5bc"},{"url":"https://i.scdn.co/image/fef5f97d2ba8286606de081d6c9608301a30b072"},{"url":"https://i.scdn.co/image/d2fdf6b4ea3ea023509ec858ceafdbbf20c67611"},{"url":"https://i.scdn.co/image/519568cbc5fc36add62a63e575ffbb58b279dcdc"},{"url":"https://i.scdn.co/image/63ddbd647a5a4e672da6b6eb29cfc38c985bffca"},{"url":"https://i.scdn.co/image/d266d91209bc024b2b16b3a508b2f8ad8de52cfa"},{"url":"https://i.scdn.co/image/5b900b93c1e18a5fca555f6c4b6b75a59c4f74cc"},{"url":"https://i.scdn.co/image/f7419156fa0fdd8cd11ef96d19375ccfcdadb65a"},{"url":"https://i.scdn.co/image/2d331cdb83a9ee9aab5be493b619983d7c332082"},{"url":"https://i.scdn.co/image/dda15fbed5486d5e7399ae46a6963ab94bc9d3f0"},{"url":"https://i.scdn.co/image/dda15fbed5486d5e7399ae46a6963ab94bc9d3f0"},{"url":"https://i.scdn.co/image/b48b1b7e56f424818f2e8df537c3b692740f100b"},{"url":"https://i.scdn.co/image/90aefb3e3359ae24144d0c6290f487b19b80448d"},{"url":"https://i.scdn.co/image/0625ad43cc5f1a3728e6b1cfe1b0bb449a2220ef"},{"url":"https://i.scdn.co/image/e1446c8c042e41cb12215d7746294b974133a001"},{"url":"https://i.scdn.co/image/c8637be962e25fe28fc53d9f6d6896b60589aeff"},{"url":"https://i.scdn.co/image/177939e6656bd0ae46d12e1f36e9162016d28a3c"},{"url":"https://i.scdn.co/image/6dba586fa6a4ade90ba58ff9346162d1e0d9fcf4"},{"url":"https://i.scdn.co/image/d7d9fbf6929b5b1248e73649ea1ac832b576d5bc"},{"url":"https://i.scdn.co/image/c2d61ceb4ddb52aa827b48baeef256092200d117"},{"url":"https://i.scdn.co/image/70aad974dfaffc69733fffc5b935472eb6d784f0"},{"url":"https://i.scdn.co/image/46fb2752b5a9967f94c2cafd5f2903c89d6d8bf7"},{"url":"https://i.scdn.co/image/d7d9fbf6929b5b1248e73649ea1ac832b576d5bc"},{"url":"https://i.scdn.co/image/b67d30b8e4d3a00b2614cdab9aefd526babf6483"},{"url":"https://i.scdn.co/image/c0a1734e77ce741761bee6a4f788865a48ba92b6"},{"url":"https://i.scdn.co/image/f7419156fa0fdd8cd11ef96d19375ccfcdadb65a"},{"url":"https://i.scdn.co/image/a1fe6524bf989f8ed488d73633d939f360a42d4a"},{"url":"https://i.scdn.co/image/3f31e79c320ece8b2d3763b717cf256d1f77bc17"},{"url":"https://i.scdn.co/image/93ad7f491db7df0cb517308e7bb847da41647618"},{"url":"https://i.scdn.co/image/75276be1f8f1d1a05041b7ca2a630cd46d0a2387"},{"url":"https://i.scdn.co/image/fbf86d8984801dd22397f94dafbc1c68508902e3"},{"url":"https://i.scdn.co/image/2837823ae22412cd740af259be8f81bf1962314e"},{"url":"https://i.scdn.co/image/36ac52a05ada24ba55fd49d70272afa5d7c0c16d"},{"url":"https://i.scdn.co/image/4df3b334d17428ba101ac867e6f97a0196af1635"},{"url":"https://i.scdn.co/image/f7419156fa0fdd8cd11ef96d19375ccfcdadb65a"},{"url":"https://i.scdn.co/image/f16a925a9d2ac7f03e1fcbc226b740af06d5d65b"},{"url":"https://i.scdn.co/image/e1abe5fc92f7019c7b8c64f02c65cf6129f1c999"},{"url":"https://i.scdn.co/image/b48b1b7e56f424818f2e8df537c3b692740f100b"},{"url":"https://i.scdn.co/image/b48b1b7e56f424818f2e8df537c3b692740f100b"},{"url":"https://i.scdn.co/image/602d096a35ab9a87bce500cc447c6970a41510af"},{"url":"https://i.scdn.co/image/bcba128b813ad3edfdbeed6750810347bb8603af"},{"url":"https://i.scdn.co/image/f0ffeaa05aff767f2d48929af0c305eaa24e6941"},{"url":"https://i.scdn.co/image/16d7eeee661a8cb548f9aca4ed683669ced0a5e8"},{"url":"https://i.scdn.co/image/ea447323073c2208e8cf64b0fc3250cc37c71c6c"},{"url":"https://i.scdn.co/image/f7419156fa0fdd8cd11ef96d19375ccfcdadb65a"},{"url":"https://i.scdn.co/image/588aa676ded92cf04e98b5921b8422e6b5dcae9c"},{"url":"https://i.scdn.co/image/6b311ec6e3d6999a14e7d1ea8841d00226c292c6"},{"url":"https://i.scdn.co/image/3f164cf886f3c13c6af52324a8d949fba3bc27fd"},{"url":"https://i.scdn.co/image/f65186048081b5b248453f4a54b96430f27fbbfa"},{"url":"https://i.scdn.co/image/b72b72575bbd98b34827f5dd91d5e341a5701cd0"},{"url":"https://i.scdn.co/image/ab8dda51c61e5c01420b3acbc2122f520c57a79a"},{"url":"https://i.scdn.co/image/8c4403101e3caadf1dfb7d41fd7d51370671b771"},{"url":"https://i.scdn.co/image/28df19a123ee2434733f303abb3e4966d3b62093"},{"url":"https://i.scdn.co/image/16d69d01b01dcebacff2a0449934dcab74aa6e91"},{"url":"https://i.scdn.co/image/0c10e5b4eb2c63ceabd1f89d5ef349d8d05482e1"},{"url":"https://i.scdn.co/image/1cce0f2876b90f9c3e042e089b16b4d890a4dbd7"},{"url":"https://i.scdn.co/image/176606ea8b00ee668e47de155c95a6fc1418bad6"},{"url":"https://i.scdn.co/image/d7d9fbf6929b5b1248e73649ea1ac832b576d5bc"},{"url":"https://i.scdn.co/image/cd5eb6933cca9421578e3badfed816f046f3a86e"},{"url":"https://i.scdn.co/image/03ee43c8385c40c3c717938087b092e348d8b6af"},{"url":"https://i.scdn.co/image/20c8c138b49ac6a62d9aa6b676e2e0c932a9a0e0"},{"url":"https://i.scdn.co/image/4066536258116f4c6abec1d2ae89a24748a49cd5"},{"url":"https://i.scdn.co/image/fe5b7521e8c4e182a9cd07406fbb14fb38d3cc34"},{"url":"https://i.scdn.co/image/e1abe5fc92f7019c7b8c64f02c65cf6129f1c999"},{"url":"https://i.scdn.co/image/5d15ec46430ad0eea66e2d6150e6b5316f4602c8"},{"url":"https://i.scdn.co/image/519568cbc5fc36add62a63e575ffbb58b279dcdc"},{"url":"https://i.scdn.co/image/a1fe6524bf989f8ed488d73633d939f360a42d4a"},{"url":"https://i.scdn.co/image/f0ffeaa05aff767f2d48929af0c305eaa24e6941"},{"url":"https://i.scdn.co/image/f2405b82d0578dd815a3082ca0f7ec4e18e937a1"},{"url":"https://i.scdn.co/image/fa6664268916b22289127607123fe41a0ccdc7cd"},{"url":"https://i.scdn.co/image/cf2c83d30a116cc09e795dcab484f4d663846ba0"},{"url":"https://i.scdn.co/image/75d389cc6c34d4fdbfc2eb7d15bc885a228d239a"},{"url":"https://i.scdn.co/image/7125676f8edfefb09f008584229a6b8897736d23"},{"url":"https://i.scdn.co/image/fa99f488ee247e6d7f09d16d906dc81250710156"},{"url":"https://i.scdn.co/image/fc55a121345639247f83e5586dae96193e578476"},{"url":"https://i.scdn.co/image/50d7b695b78df22d0baa26bbaf27b3f2a358fedd"},{"url":"https://i.scdn.co/image/1cf60549eeb679705e13c528cfde5e8f6925ec8e"},{"url":"https://i.scdn.co/image/f244af855d54ed944974c5bd2d0a862c6829efb9"},{"url":"https://i.scdn.co/image/7dd22da9ae819cda27c3f6d1f7b38f919ef62a9e"},{"url":"https://i.scdn.co/image/501b3beda8145b37abd91eb9adf112803517c582"},{"url":"https://i.scdn.co/image/1cf60549eeb679705e13c528cfde5e8f6925ec8e"},{"url":"https://i.scdn.co/image/75793efffeb8a8a1baa960ed46f73f1b47e47f92"},{"url":"https://i.scdn.co/image/ba790baae638c678dcdc6e4dbd2784d36a105bf6"},{"url":"https://i.scdn.co/image/d7d9fbf6929b5b1248e73649ea1ac832b576d5bc"},{"url":"https://i.scdn.co/image/be6d84201c0ce478d4fee45bdda648a545743cf2"},{"url":"https://i.scdn.co/image/f3c56a62c58fb1e5a0ddbf8323b259e501a2fa74"},{"url":"https://i.scdn.co/image/592c33e533ce512908ab0df0b5dcc1c673c0c558"},{"url":"https://i.scdn.co/image/ea447323073c2208e8cf64b0fc3250cc37c71c6c"},{"url":"https://i.scdn.co/image/272376cc5ce2042be360ba3359d2c7983dbb7660"},{"url":"https://i.scdn.co/image/ca275fd8b42274444d49e1b14e4d10928eff1106"},{"url":"https://i.scdn.co/image/c8ac45e92be0fa4c93530471b060e21531511c4b"},{"url":"https://i.scdn.co/image/f244af855d54ed944974c5bd2d0a862c6829efb9"},{"url":"https://i.scdn.co/image/b2d894477a1921db71648df73bda055f68e86928"},{"url":"https://i.scdn.co/image/d2fdf6b4ea3ea023509ec858ceafdbbf20c67611"},{"url":"https://i.scdn.co/image/bb19eceb30a357312a2d64067a1531c86b20cdc1"},{"url":"https://i.scdn.co/image/d7d9fbf6929b5b1248e73649ea1ac832b576d5bc"},{"url":"https://i.scdn.co/image/d7d9fbf6929b5b1248e73649ea1ac832b576d5bc"},{"url":"https://i.scdn.co/image/f244af855d54ed944974c5bd2d0a862c6829efb9"},{"url":"https://i.scdn.co/image/cd5eb6933cca9421578e3badfed816f046f3a86e"},{"url":"https://i.scdn.co/image/1ee2055a078d87a5a55366189409b9e1d820972a"},{"url":"https://i.scdn.co/image/d7d9fbf6929b5b1248e73649ea1ac832b576d5bc"},{"url":"https://i.scdn.co/image/324c829e2b694f22077e7bf3e6c754dc1df7ab1c"},{"url":"https://i.scdn.co/image/836000c5da9524f2a7ec2b818c9dc7261cfae944"},{"url":"https://i.scdn.co/image/519568cbc5fc36add62a63e575ffbb58b279dcdc"},{"url":"https://i.scdn.co/image/519568cbc5fc36add62a63e575ffbb58b279dcdc"},{"url":"https://i.scdn.co/image/41be863a2b79f4eee64c960b1de1a792eebbdd82"},{"url":"https://i.scdn.co/image/5526fd3b1c648a24bbb5646ced18f9510d467983"},{"url":"https://i.scdn.co/image/c70a3bc3e8fb1507ca78bb4066bbf37851796da1"},{"url":"https://i.scdn.co/image/63ddbd647a5a4e672da6b6eb29cfc38c985bffca"},{"url":"https://i.scdn.co/image/350894423168e825ab1055bf4e9c338caade61bc"},{"url":"https://i.scdn.co/image/5d0529db6e51aa91c83bfc2b206c0955c66516a1"},{"url":"https://i.scdn.co/image/df955e00e0f6b1baaadbb36d25a8c1078fdaf55a"},{"url":"https://i.scdn.co/image/3c54c9104cffee90367dae387123229a572602fa"},{"url":"https://i.scdn.co/image/d7d9fbf6929b5b1248e73649ea1ac832b576d5bc"},{"url":"https://i.scdn.co/image/20c8c138b49ac6a62d9aa6b676e2e0c932a9a0e0"},{"url":"https://i.scdn.co/image/f7419156fa0fdd8cd11ef96d19375ccfcdadb65a"},{"url":"https://i.scdn.co/image/1820ea91e0723b1ce8820bb2cedae9f1be9d1de9"},{"url":"https://i.scdn.co/image/84b9940cb99bf1072d553158c6e23426cb13b789"},{"url":"https://i.scdn.co/image/93c6a26cfd5700b0f860eda0a8b72674ec9d9b3a"},{"url":"https://i.scdn.co/image/d2351cd8009379e06421c31fe7de3f87178b4e66"},{"url":"https://i.scdn.co/image/d065c3787289c1ec828101c40bf0340c72696fe6"},{"url":"https://i.scdn.co/image/1f9102c32d5b309ac45e68f84477a51f7c8b3e46"},{"url":"https://i.scdn.co/image/f65186048081b5b248453f4a54b96430f27fbbfa"},{"url":"https://i.scdn.co/image/b48b1b7e56f424818f2e8df537c3b692740f100b"},{"url":"https://i.scdn.co/image/663144dc3344e4383d2c944d58d4a2acc0bf1a1b"},{"url":"https://i.scdn.co/image/e1446c8c042e41cb12215d7746294b974133a001"},{"url":"https://i.scdn.co/image/955dfeb8b2834c58af927916da2e38b3cf626306"},{"url":"https://i.scdn.co/image/fef8458af72a9816f520a5c73e311db94b2498d9"},{"url":"https://i.scdn.co/image/174574f14b1598b5092af6dd015a0ab799169fa5"},{"url":"https://i.scdn.co/image/575905f6c3b93383a56313ce3425d3b85057fa84"},{"url":"https://i.scdn.co/image/7f5511ed5fd0c3d02ae19655a26a9b3ee6937f5b"},{"url":"https://i.scdn.co/image/37f615e5ec794b796556f99c608b6e283dc27286"},{"url":"https://i.scdn.co/image/9bdd59379eb0e0815301c00fb985b6549f5221eb"},{"url":"https://i.scdn.co/image/d841e53eeac59011d4b638768f3b211dbf8d35fe"},{"url":"https://i.scdn.co/image/81fdb8f68210ea186efbf9d5001a342aa1075bed"},{"url":"https://i.scdn.co/image/d7d9fbf6929b5b1248e73649ea1ac832b576d5bc"},{"url":"https://i.scdn.co/image/ad67b7e4ace1b82eed8892b97e04547f46f8538b"},{"url":"https://i.scdn.co/image/6e27f9ac86ac26973f06d839a8eabdcae7ad6f07"},{"url":"https://i.scdn.co/image/182215234785665c3a2a12e18cb6cdb3bf49930b"},{"url":"https://i.scdn.co/image/519568cbc5fc36add62a63e575ffbb58b279dcdc"},{"url":"https://i.scdn.co/image/f7419156fa0fdd8cd11ef96d19375ccfcdadb65a"},{"url":"https://i.scdn.co/image/f244af855d54ed944974c5bd2d0a862c6829efb9"},{"url":"https://i.scdn.co/image/d610af3f00626640d921fb8cfbaaecf48928a7d3"},{"url":"https://i.scdn.co/image/ab8dda51c61e5c01420b3acbc2122f520c57a79a"},{"url":"https://i.scdn.co/image/f7419156fa0fdd8cd11ef96d19375ccfcdadb65a"},{"url":"https://i.scdn.co/image/42ec644df448d504a6e394cdab00fb4739b85663"},{"url":"https://i.scdn.co/image/90f080afbec29a0c58509875a6dd59b3c380e353"},{"url":"https://i.scdn.co/image/beb68a9fbbd28b7f39b366afc0686e3222d33361"},{"url":"https://i.scdn.co/image/6a1142debeae79e718f4455e004ad1fb61fa4ae8"},{"url":"https://i.scdn.co/image/0ff94c8fd87a2dbce2a31c2cfd79ea49e858da97"},{"url":"https://i.scdn.co/image/d2351cd8009379e06421c31fe7de3f87178b4e66"},{"url":"https://i.scdn.co/image/c3a559258bb0a64c7ed492c3b83c34aab5157aeb"},{"url":"https://i.scdn.co/image/4ade479eb789eb56ef299fa23ee0e09c57b0e57c"},{"url":"https://i.scdn.co/image/ace74e6742f6d020c22c45d6d218884d4ff1932d"},{"url":"https://i.scdn.co/image/3180391346aec681eeb0d3c06b25463f79735293"},{"url":"https://i.scdn.co/image/97dd32c498045b744e466023e52c519c93238657"},{"url":"https://i.scdn.co/image/a1b48d3cb31e8ef421253b8c76ba757bd9e78680"},{"url":"https://i.scdn.co/image/0ff94c8fd87a2dbce2a31c2cfd79ea49e858da97"},{"url":"https://i.scdn.co/image/74d6443a0ac3df2f1a678ad18d1873a814ee0f4e"},{"url":"https://i.scdn.co/image/08249a3a46fa5d5b963343e7cebf4e186bb6cf02"},{"url":"https://i.scdn.co/image/b48b1b7e56f424818f2e8df537c3b692740f100b"},{"url":"https://i.scdn.co/image/3b34cfc99f89ce6d2a45b45a9064cfa52dc51cb3"},{"url":"https://i.scdn.co/image/45bd0b3a1aed49b42d5b4d47a644aaddb21e6464"},{"url":"https://i.scdn.co/image/ed3a38bd05d841f245d21b20261d6bc8e5374e42"},{"url":"https://i.scdn.co/image/0e8b751021fd88d8e6fdd56e24df6b1b57ff8f39"},{"url":"https://i.scdn.co/image/7bfd14ac88e718d88b03b54deb63ea1bc3adea86"},{"url":"https://i.scdn.co/image/3e38810ac5858aa1477c48aab2a21cd0f02d4cfe"},{"url":"https://i.scdn.co/image/81c0d86e892301896f11e0706895df35b76fdb88"},{"url":"https://i.scdn.co/image/b2eeccb701e2a970b03c1e7f7116e39b7e6fa82c"},{"url":"https://i.scdn.co/image/e9265a5c3344543d82da695f5059c34f113b1863"},{"url":"https://i.scdn.co/image/bbb8a896a70f056fc3e10ddcbd24b8c450275214"},{"url":"https://i.scdn.co/image/1ee2055a078d87a5a55366189409b9e1d820972a"},{"url":"https://i.scdn.co/image/885deca99e55d380cc3912a6a22c892cb31ad619"},{"url":"https://i.scdn.co/image/75d389cc6c34d4fdbfc2eb7d15bc885a228d239a"},{"url":"https://i.scdn.co/image/519568cbc5fc36add62a63e575ffbb58b279dcdc"},{"url":"https://i.scdn.co/image/fa3958228fe769338817f6c8f6c0025477021c89"},{"url":"https://i.scdn.co/image/9a05a92d883821beedb586cb92ee22baadd0c609"},{"url":"https://i.scdn.co/image/75d389cc6c34d4fdbfc2eb7d15bc885a228d239a"},{"url":"https://i.scdn.co/image/176606ea8b00ee668e47de155c95a6fc1418bad6"},{"url":"https://i.scdn.co/image/fa82a38dd73c485a815d25c679212c0adf76c743"},{"url":"https://i.scdn.co/image/7714d26afc025215850c161472a7bfb964b94323"},{"url":"https://i.scdn.co/image/a99a412cdfef1fedb5a63f86778514261f740a11"},{"url":"https://i.scdn.co/image/90f080afbec29a0c58509875a6dd59b3c380e353"},{"url":"https://i.scdn.co/image/67028b016fa034c6c68453ec404cfe6238d0a0f1"},{"url":"https://i.scdn.co/image/b2eeccb701e2a970b03c1e7f7116e39b7e6fa82c"},{"url":"https://i.scdn.co/image/96c8cc7d336d7c874c492797c9fec9b9f67ab2e4"},{"url":"https://i.scdn.co/image/519568cbc5fc36add62a63e575ffbb58b279dcdc"},{"url":"https://i.scdn.co/image/b141ae1047da3b02cb98f7bebdbab00a4629d694"},{"url":"https://i.scdn.co/image/63ddbd647a5a4e672da6b6eb29cfc38c985bffca"},{"url":"https://i.scdn.co/image/40ca43be23a167a71d26335a07ad3a406d82ff5d"},{"url":"https://i.scdn.co/image/0d22274c284ec02c4bb3a5aef193cd879810e279"},{"url":"https://i.scdn.co/image/519568cbc5fc36add62a63e575ffbb58b279dcdc"},{"url":"https://i.scdn.co/image/cfcc71b4f13aebccd08e2caf31d8a1245ea1c557"},{"url":"https://i.scdn.co/image/4ba6e77f68976aa49830bc3449a4fa33a58c0137"},{"url":"https://i.scdn.co/image/ce16da1a2ed9be674f3ca5ec4ea002f3b03813c6"},{"url":"https://i.scdn.co/image/0ead9546cb13c95d36396b9221cd791754c3a38b"},{"url":"https://i.scdn.co/image/4a9b54de8ab0ccb669c5cd41ba9f7e31b5d38f9b"},{"url":"https://i.scdn.co/image/1e5d95361bdcc6d9392ade88a20f4b34026b3c2c"},{"url":"https://i.scdn.co/image/5aa8966fc523a6c663c11e12379f85154e197569"},{"url":"https://i.scdn.co/image/c9e3b1edfcf1fec38408927b1b57e29c80d30d66"},{"url":"https://i.scdn.co/image/4fcb1fd436f84ce0cdb21e48c43505ff06eaa657"},{"url":"https://i.scdn.co/image/850d81a89cecb0e3ddee4cd5e6c3da8c381c7ac2"},{"url":"https://i.scdn.co/image/93ad7f491db7df0cb517308e7bb847da41647618"},{"url":"https://i.scdn.co/image/b874a04ac70bc88a8da6ba778b59c239e6bb1dd6"},{"url":"https://i.scdn.co/image/e30a5d982de611dba25cdbd84c8c2e6c82bb0bdb"},{"url":"https://i.scdn.co/image/1a156912305be8b10dc0eccef53355708d941099"},{"url":"https://i.scdn.co/image/859337f0eaa49b1ad6ed76719b7c1ae26d6412c8"},{"url":"https://i.scdn.co/image/e74388743ecb7cc2fe4bb496dcbb1b6f81534ec9"},{"url":"https://i.scdn.co/image/2530b89e3c215d7297821b9a69235c41c14d0856"},{"url":"https://i.scdn.co/image/2d331cdb83a9ee9aab5be493b619983d7c332082"},{"url":"https://i.scdn.co/image/b93c989bac610ba9b99b8847ab97b21e23983649"},{"url":"https://i.scdn.co/image/6fcdbcf5d5ecc6057b881fcd8ce7018293726e73"},{"url":"https://i.scdn.co/image/e354fc4a159fe2de100dd147a825cd60996901c0"},{"url":"https://i.scdn.co/image/03d2855d4e2f5a17d0d80c4376fdeffcdaf2ceae"},{"url":"https://i.scdn.co/image/a06c4959743d7e2cb663e7c53c0d327b2a350e05"},{"url":"https://i.scdn.co/image/3f2cc8df9f891830695c00446ce86bd892e60886"},{"url":"https://i.scdn.co/image/4df3b334d17428ba101ac867e6f97a0196af1635"},{"url":"https://i.scdn.co/image/839c5db69af2123947b8018b1369814957734369"},{"url":"https://i.scdn.co/image/4a80145cba6687a60bbbf9390c0b00a22cfdee53"},{"url":"https://i.scdn.co/image/fde6e532de307a61a74c61fe79034c8d7b507d27"},{"url":"https://i.scdn.co/image/bcba128b813ad3edfdbeed6750810347bb8603af"},{"url":"https://i.scdn.co/image/da255217c614b8cca1a32a018c38395b00444356"},{"url":"https://i.scdn.co/image/7d6a5002cfe60c369fb56bb6e95e666769a6550f"},{"url":"https://i.scdn.co/image/1ee2055a078d87a5a55366189409b9e1d820972a"},{"url":"https://i.scdn.co/image/a29b7f8b600728f13e55d07ee94848c6daae7d91"},{"url":"https://i.scdn.co/image/487bf17160e944c29ea63192a2655c0b808aee8f"},{"url":"https://i.scdn.co/image/487bf17160e944c29ea63192a2655c0b808aee8f"},{"url":"https://i.scdn.co/image/cb5aca6fe25d3917cb52f6f65e0ba68af60654d4"},{"url":"https://i.scdn.co/image/672b121adb7da35d8d498206b8987163c513d7b5"},{"url":"https://i.scdn.co/image/cb5aca6fe25d3917cb52f6f65e0ba68af60654d4"},{"url":"https://i.scdn.co/image/091d4236b6ca7c844345d490eb3c6bfbc6d1ea0f"},{"url":"https://i.scdn.co/image/6b4a645aad6139e464a5810aafdeee66448bebda"},{"url":"https://i.scdn.co/image/99fb53d68a30d5b3458b5b22791964cffc22ff42"},{"url":"https://i.scdn.co/image/2b5ed2e8addf8ef30c13e0aa19f0c67bab52521c"},{"url":"https://i.scdn.co/image/827a384cd45e4c3c15e9bfdfb16045fde639ebeb"},{"url":"https://i.scdn.co/image/482b2cb28d0f20ad28357429045a5ff5bb6ed42c"},{"url":"https://i.scdn.co/image/c2472b70ba2879f01b7cd27b82135f10e6a55e76"},{"url":"https://i.scdn.co/image/ea447323073c2208e8cf64b0fc3250cc37c71c6c"},{"url":"https://i.scdn.co/image/fef5f97d2ba8286606de081d6c9608301a30b072"},{"url":"https://i.scdn.co/image/31e17843d39ed7d1b060800531deda102e4251e0"},{"url":"https://i.scdn.co/image/2071aea7efa2dfcd43268212cc5b001cb1c3858e"},{"url":"https://i.scdn.co/image/ec1d389f4b448463b81513c0c5d5e1f6c34faa63"},{"url":"https://i.scdn.co/image/4047ff295bb33fc7b24cac467764e014b4803e11"},{"url":"https://i.scdn.co/image/8d9d2b1f34a5ef5022c5a953540311214f49ee5e"},{"url":"https://i.scdn.co/image/4047ff295bb33fc7b24cac467764e014b4803e11"},{"url":"https://i.scdn.co/image/f4b7473ac9dc9d159e9b413d4251258f400da386"},{"url":"https://i.scdn.co/image/787a42c8293a42e365c9bc978ba43c914106338d"},{"url":"https://i.scdn.co/image/3ff11c9c743dda46ae71119252fc3db2a54334a3"},{"url":"https://i.scdn.co/image/757c1c939f00e0dc7d16e40aad0298a3b8bd3213"},{"url":"https://i.scdn.co/image/28156022bee5892bc38d1e6eb64eb647b0574998"},{"url":"https://i.scdn.co/image/28156022bee5892bc38d1e6eb64eb647b0574998"},{"url":"https://i.scdn.co/image/7f5511ed5fd0c3d02ae19655a26a9b3ee6937f5b"},{"url":"https://i.scdn.co/image/5ab111cbd3ec5ac66549b84e8c6b3a3800aeb25b"},{"url":"https://i.scdn.co/image/d2fdf6b4ea3ea023509ec858ceafdbbf20c67611"},{"url":"https://i.scdn.co/image/6a7579c5af876511e3ef02971235653099217efd"},{"url":"https://i.scdn.co/image/a600ecee97efade18316736c4ce7da762c3c6ba7"},{"url":"https://i.scdn.co/image/6a7579c5af876511e3ef02971235653099217efd"},{"url":"https://i.scdn.co/image/6a7579c5af876511e3ef02971235653099217efd"},{"url":"https://i.scdn.co/image/a3741071065c921c61c2d450b37e60da1bd06651"},{"url":"https://i.scdn.co/image/7dd22da9ae819cda27c3f6d1f7b38f919ef62a9e"},{"url":"https://i.scdn.co/image/6a7579c5af876511e3ef02971235653099217efd"},{"url":"https://i.scdn.co/image/b08620eeb991e769cb699e0afbd58fd193b627e4"},{"url":"https://i.scdn.co/image/4047ff295bb33fc7b24cac467764e014b4803e11"},{"url":"https://i.scdn.co/image/75c0a7292199c22ae952feace29ab91bb3257935"},{"url":"https://i.scdn.co/image/451523c5ae343c50da644ca6c64f551bfff880f6"},{"url":"https://i.scdn.co/image/4047ff295bb33fc7b24cac467764e014b4803e11"},{"url":"https://i.scdn.co/image/4047ff295bb33fc7b24cac467764e014b4803e11"},{"url":"https://i.scdn.co/image/4047ff295bb33fc7b24cac467764e014b4803e11"},{"url":"https://i.scdn.co/image/4047ff295bb33fc7b24cac467764e014b4803e11"},{"url":"https://i.scdn.co/image/4047ff295bb33fc7b24cac467764e014b4803e11"},{"url":"https://i.scdn.co/image/4047ff295bb33fc7b24cac467764e014b4803e11"},{"url":"https://i.scdn.co/image/4047ff295bb33fc7b24cac467764e014b4803e11"},{"url":"https://i.scdn.co/image/4047ff295bb33fc7b24cac467764e014b4803e11"},{"url":"https://i.scdn.co/image/4047ff295bb33fc7b24cac467764e014b4803e11"},{"url":"https://i.scdn.co/image/03235d066c0d5bb52b0d397c4f18c2babb84769b"},{"url":"https://i.scdn.co/image/1599120f97eb59d3db246442fa5dbd62c7faae76"},{"url":"https://i.scdn.co/image/221ae8cfe27383bd4ea1cb0c7c2a7294b4857209"},{"url":"https://i.scdn.co/image/1599120f97eb59d3db246442fa5dbd62c7faae76"},{"url":"https://i.scdn.co/image/9c41000bd164570ae65e616ed4dc5c82f51de6c8"},{"url":"https://i.scdn.co/image/ba122daa3ff88625f3baff5fcdd22cf069de06d2"},{"url":"https://i.scdn.co/image/1599120f97eb59d3db246442fa5dbd62c7faae76"},{"url":"https://i.scdn.co/image/d2fdf6b4ea3ea023509ec858ceafdbbf20c67611"},{"url":"https://i.scdn.co/image/d2fdf6b4ea3ea023509ec858ceafdbbf20c67611"},{"url":"https://i.scdn.co/image/d2fdf6b4ea3ea023509ec858ceafdbbf20c67611"},{"url":"https://i.scdn.co/image/b12ffd9b8cb9abf936c1ef1c3c54e33df4f6dd71"},{"url":"https://i.scdn.co/image/d2fdf6b4ea3ea023509ec858ceafdbbf20c67611"},{"url":"https://i.scdn.co/image/d2fdf6b4ea3ea023509ec858ceafdbbf20c67611"},{"url":"https://i.scdn.co/image/d2fdf6b4ea3ea023509ec858ceafdbbf20c67611"},{"url":"https://i.scdn.co/image/d2fdf6b4ea3ea023509ec858ceafdbbf20c67611"},{"url":"https://i.scdn.co/image/d2fdf6b4ea3ea023509ec858ceafdbbf20c67611"},{"url":"https://i.scdn.co/image/11671bc8d99c850eb3cadfa1822d643a6c9ae40d"},{"url":"https://i.scdn.co/image/d2fdf6b4ea3ea023509ec858ceafdbbf20c67611"},{"url":"https://i.scdn.co/image/37ffb5905818e873b3b7905274669b8a5d277810"},{"url":"https://i.scdn.co/image/d2fdf6b4ea3ea023509ec858ceafdbbf20c67611"},{"url":"https://i.scdn.co/image/6da85b60c1589c34dab6198607e1a4b6d1041019"},{"url":"https://i.scdn.co/image/d2fdf6b4ea3ea023509ec858ceafdbbf20c67611"},{"url":"https://i.scdn.co/image/4eebe9aaacb9aec841aa935efefbfd183eef4ff5"},{"url":"https://i.scdn.co/image/7ab961632be6639583bdcfb142c6f298d5e9edb6"},{"url":"https://i.scdn.co/image/db4841b9961a0aaa5df39d1373e14ebb926a5983"},{"url":"https://i.scdn.co/image/5d631b55f7fd39f8208fcd44dc5b190c00d6e2ba"},{"url":"https://i.scdn.co/image/d4f0f0b83444822d2ebcd95b7e11caec8d2232d1"},{"url":"https://i.scdn.co/image/34579dcaeff1bde471dc12657d257fe783d77db7"},{"url":"https://i.scdn.co/image/4df3b334d17428ba101ac867e6f97a0196af1635"},{"url":"https://i.scdn.co/image/23401dde3ae77f9eadec127f956781e3ffd31992"},{"url":"https://i.scdn.co/image/4df3b334d17428ba101ac867e6f97a0196af1635"},{"url":"https://i.scdn.co/image/4df3b334d17428ba101ac867e6f97a0196af1635"},{"url":"https://i.scdn.co/image/4df3b334d17428ba101ac867e6f97a0196af1635"},{"url":"https://i.scdn.co/image/3ff11c9c743dda46ae71119252fc3db2a54334a3"},{"url":"https://i.scdn.co/image/0670d1121b90700ade2b9119bd8f61339f4c4a87"},{"url":"https://i.scdn.co/image/330a4cb26fdcca52ac2b8a0b4a2a224747e35ce6"},{"url":"https://i.scdn.co/image/e753609705e137aa3f8e72aab0a34d9a9769b90f"},{"url":"https://i.scdn.co/image/355afbb68e1a3037b4c28dfac40543a7fb79a96e"},{"url":"https://i.scdn.co/image/4df3b334d17428ba101ac867e6f97a0196af1635"},{"url":"https://i.scdn.co/image/c317811743a2f78f62f8f3bec99a6dbb30547571"},{"url":"https://i.scdn.co/image/4e4735781460ff7f3802ed51e52c4acecdb3d32d"},{"url":"https://i.scdn.co/image/b19cc380033d32379b88e4fef1d0a8db4db73679"},{"url":"https://i.scdn.co/image/e4ff86d36eb8a8842f7fce8295c64cc60fa21c18"},{"url":"https://i.scdn.co/image/6b311ec6e3d6999a14e7d1ea8841d00226c292c6"},{"url":"https://i.scdn.co/image/6b311ec6e3d6999a14e7d1ea8841d00226c292c6"},{"url":"https://i.scdn.co/image/482b2cb28d0f20ad28357429045a5ff5bb6ed42c"},{"url":"https://i.scdn.co/image/6b311ec6e3d6999a14e7d1ea8841d00226c292c6"},{"url":"https://i.scdn.co/image/b60ba264d7ade6580f94e74356d4103aece20d97"},{"url":"https://i.scdn.co/image/6b311ec6e3d6999a14e7d1ea8841d00226c292c6"},{"url":"https://i.scdn.co/image/2019ca0999c3fe6e7694650745ec99928ce28ab2"},{"url":"https://i.scdn.co/image/6b311ec6e3d6999a14e7d1ea8841d00226c292c6"},{"url":"https://i.scdn.co/image/6b311ec6e3d6999a14e7d1ea8841d00226c292c6"},{"url":"https://i.scdn.co/image/6b311ec6e3d6999a14e7d1ea8841d00226c292c6"},{"url":"https://i.scdn.co/image/487bf17160e944c29ea63192a2655c0b808aee8f"},{"url":"https://i.scdn.co/image/6b311ec6e3d6999a14e7d1ea8841d00226c292c6"},{"url":"https://i.scdn.co/image/6b311ec6e3d6999a14e7d1ea8841d00226c292c6"},{"url":"https://i.scdn.co/image/03fbefa3eb94cc1b150ffb093a92d45aeb230adc"},{"url":"https://i.scdn.co/image/6b311ec6e3d6999a14e7d1ea8841d00226c292c6"},{"url":"https://i.scdn.co/image/6b311ec6e3d6999a14e7d1ea8841d00226c292c6"},{"url":"https://i.scdn.co/image/6b311ec6e3d6999a14e7d1ea8841d00226c292c6"},{"url":"https://i.scdn.co/image/ec1d389f4b448463b81513c0c5d5e1f6c34faa63"},{"url":"https://i.scdn.co/image/4a5a7737db8a500dd89ff8dd5bb9d993f481c97b"},{"url":"https://i.scdn.co/image/6b311ec6e3d6999a14e7d1ea8841d00226c292c6"},{"url":"https://i.scdn.co/image/6b311ec6e3d6999a14e7d1ea8841d00226c292c6"},{"url":"https://i.scdn.co/image/6b311ec6e3d6999a14e7d1ea8841d00226c292c6"},{"url":"https://i.scdn.co/image/f26e40fe6fd640f3106487566233e0f364b9dcb7"},{"url":"https://i.scdn.co/image/6b311ec6e3d6999a14e7d1ea8841d00226c292c6"},{"url":"https://i.scdn.co/image/6b311ec6e3d6999a14e7d1ea8841d00226c292c6"},{"url":"https://i.scdn.co/image/c9ef6cc5b4ca3e50ed23b1042cdf21266c96e52d"},{"url":"https://i.scdn.co/image/c3bca5f6e386f6c524800eb269c8483ce69909bd"},{"url":"https://i.scdn.co/image/538269f080c79f99ca3ccc0c6a92e998f2158eec"},{"url":"https://i.scdn.co/image/fa286e53b15b2bf3f0ef5268bce90d7a44590f08"},{"url":"https://i.scdn.co/image/fa286e53b15b2bf3f0ef5268bce90d7a44590f08"},{"url":"https://i.scdn.co/image/fa286e53b15b2bf3f0ef5268bce90d7a44590f08"},{"url":"https://i.scdn.co/image/fa286e53b15b2bf3f0ef5268bce90d7a44590f08"},{"url":"https://i.scdn.co/image/fa286e53b15b2bf3f0ef5268bce90d7a44590f08"},{"url":"https://i.scdn.co/image/fa286e53b15b2bf3f0ef5268bce90d7a44590f08"},{"url":"https://i.scdn.co/image/fa286e53b15b2bf3f0ef5268bce90d7a44590f08"},{"url":"https://i.scdn.co/image/fa286e53b15b2bf3f0ef5268bce90d7a44590f08"},{"url":"https://i.scdn.co/image/fa286e53b15b2bf3f0ef5268bce90d7a44590f08"},{"url":"https://i.scdn.co/image/fa286e53b15b2bf3f0ef5268bce90d7a44590f08"},{"url":"https://i.scdn.co/image/fa286e53b15b2bf3f0ef5268bce90d7a44590f08"},{"url":"https://i.scdn.co/image/fa286e53b15b2bf3f0ef5268bce90d7a44590f08"},{"url":"https://i.scdn.co/image/ce0d627fb1b333c25b956e876c3b7eb158872413"},{"url":"https://i.scdn.co/image/136ac44dcde3fd187ea9fe1f836ea7743a188453"},{"url":"https://i.scdn.co/image/4f56a5f3e0806fc92d6983cb775715b564f007ca"},{"url":"https://i.scdn.co/image/8662260c958cbc63a0f0c671cc95de5bf14f59f2"},{"url":"https://i.scdn.co/image/487bf17160e944c29ea63192a2655c0b808aee8f"},{"url":"https://i.scdn.co/image/487bf17160e944c29ea63192a2655c0b808aee8f"},{"url":"https://i.scdn.co/image/487bf17160e944c29ea63192a2655c0b808aee8f"},{"url":"https://i.scdn.co/image/487bf17160e944c29ea63192a2655c0b808aee8f"},{"url":"https://i.scdn.co/image/52525e115dab1d038df73060311e462f74574f66"},{"url":"https://i.scdn.co/image/487bf17160e944c29ea63192a2655c0b808aee8f"},{"url":"https://i.scdn.co/image/487bf17160e944c29ea63192a2655c0b808aee8f"},{"url":"https://i.scdn.co/image/487bf17160e944c29ea63192a2655c0b808aee8f"},{"url":"https://i.scdn.co/image/487bf17160e944c29ea63192a2655c0b808aee8f"},{"url":"https://i.scdn.co/image/487bf17160e944c29ea63192a2655c0b808aee8f"},{"url":"https://i.scdn.co/image/487bf17160e944c29ea63192a2655c0b808aee8f"},{"url":"https://i.scdn.co/image/487bf17160e944c29ea63192a2655c0b808aee8f"},{"url":"https://i.scdn.co/image/487bf17160e944c29ea63192a2655c0b808aee8f"},{"url":"https://i.scdn.co/image/487bf17160e944c29ea63192a2655c0b808aee8f"},{"url":"https://i.scdn.co/image/135ebee6f0792ce6dd52d55ac449eb3300c1f18a"},{"url":"https://i.scdn.co/image/9e01aaf171b64785c693335e1ce19dcf1d7823c7"},{"url":"https://i.scdn.co/image/1d990a31081cb9bbfdad68b6dbcdf07780905144"},{"url":"https://i.scdn.co/image/3f2cc8df9f891830695c00446ce86bd892e60886"},{"url":"https://i.scdn.co/image/e1446c8c042e41cb12215d7746294b974133a001"},{"url":"https://i.scdn.co/image/3f2cc8df9f891830695c00446ce86bd892e60886"},{"url":"https://i.scdn.co/image/03fbefa3eb94cc1b150ffb093a92d45aeb230adc"},{"url":"https://i.scdn.co/image/ec3eefa6a77e762d4785701b4b32cb00a170a42b"},{"url":"https://i.scdn.co/image/3f2cc8df9f891830695c00446ce86bd892e60886"},{"url":"https://i.scdn.co/image/3f2cc8df9f891830695c00446ce86bd892e60886"},{"url":"https://i.scdn.co/image/9f8a73bacd76847c603d701c24d2576ac74c6031"},{"url":"https://i.scdn.co/image/e7207c902d7faed8eabb269cfa323a8c75338f40"},{"url":"https://i.scdn.co/image/52525e115dab1d038df73060311e462f74574f66"},{"url":"https://i.scdn.co/image/81c0d86e892301896f11e0706895df35b76fdb88"},{"url":"https://i.scdn.co/image/a05cce2dc0b0c08384f775ddd2e0e17a6dd58f0c"},{"url":"https://i.scdn.co/image/bec9f6aa4f6a7938a15480f978e5c88e44efeae0"},{"url":"https://i.scdn.co/image/c636ec3570b43a2814717b59347324025b141552"},{"url":"https://i.scdn.co/image/5c0ada5a112a83c0673bb4c368dbc14cbcb869ee"},{"url":"https://i.scdn.co/image/4e878900f3375ec9a71ee28154ce483c1733f5ba"},{"url":"https://i.scdn.co/image/b83c34e68cbe04e51ed7847ba86a4adfaf12e9fa"},{"url":"https://i.scdn.co/image/8f5f72b3aadb8829d740137fd4a217853cdf82b7"},{"url":"https://i.scdn.co/image/3acc34a1f6b494f2a00ff916c54d6bc63fb7b0dc"},{"url":"https://i.scdn.co/image/3acc34a1f6b494f2a00ff916c54d6bc63fb7b0dc"},{"url":"https://i.scdn.co/image/3acc34a1f6b494f2a00ff916c54d6bc63fb7b0dc"},{"url":"https://i.scdn.co/image/3acc34a1f6b494f2a00ff916c54d6bc63fb7b0dc"},{"url":"https://i.scdn.co/image/3acc34a1f6b494f2a00ff916c54d6bc63fb7b0dc"},{"url":"https://i.scdn.co/image/3acc34a1f6b494f2a00ff916c54d6bc63fb7b0dc"},{"url":"https://i.scdn.co/image/3acc34a1f6b494f2a00ff916c54d6bc63fb7b0dc"},{"url":"https://i.scdn.co/image/3acc34a1f6b494f2a00ff916c54d6bc63fb7b0dc"},{"url":"https://i.scdn.co/image/3acc34a1f6b494f2a00ff916c54d6bc63fb7b0dc"},{"url":"https://i.scdn.co/image/3acc34a1f6b494f2a00ff916c54d6bc63fb7b0dc"},{"url":"https://i.scdn.co/image/3acc34a1f6b494f2a00ff916c54d6bc63fb7b0dc"},{"url":"https://i.scdn.co/image/3acc34a1f6b494f2a00ff916c54d6bc63fb7b0dc"},{"url":"https://i.scdn.co/image/3acc34a1f6b494f2a00ff916c54d6bc63fb7b0dc"},{"url":"https://i.scdn.co/image/3acc34a1f6b494f2a00ff916c54d6bc63fb7b0dc"},{"url":"https://i.scdn.co/image/3acc34a1f6b494f2a00ff916c54d6bc63fb7b0dc"},{"url":"https://i.scdn.co/image/3acc34a1f6b494f2a00ff916c54d6bc63fb7b0dc"},{"url":"https://i.scdn.co/image/3acc34a1f6b494f2a00ff916c54d6bc63fb7b0dc"},{"url":"https://i.scdn.co/image/3acc34a1f6b494f2a00ff916c54d6bc63fb7b0dc"},{"url":"https://i.scdn.co/image/3acc34a1f6b494f2a00ff916c54d6bc63fb7b0dc"},{"url":"https://i.scdn.co/image/3acc34a1f6b494f2a00ff916c54d6bc63fb7b0dc"},{"url":"https://i.scdn.co/image/004775383cf76221bed67292bf5cb20d5a88c3a5"},{"url":"https://i.scdn.co/image/4990376f5855947f3b142a95839106fc4fa348a7"},{"url":"https://i.scdn.co/image/7a209a486287ab0a4c54ffcca1789ab0604b53a9"},{"url":"https://i.scdn.co/image/0732e086590be297c42e2486274fa749e83c5f58"},{"url":"https://i.scdn.co/image/d7769e825d9e8d4e335a4bd062f9d9781fa22720"},{"url":"https://i.scdn.co/image/810bef36f4ae9ba10e11798166caf383961c1883"},{"url":"https://i.scdn.co/image/2b9223e8f7652a7327c03caa37e06698efecff25"},{"url":"https://i.scdn.co/image/a05cce2dc0b0c08384f775ddd2e0e17a6dd58f0c"},{"url":"https://i.scdn.co/image/efd64952a4bb2fd664a09b588f305929beac9ea6"},{"url":"https://i.scdn.co/image/0a81b392d7fb635189c44efae5a9409a03ca4e48"},{"url":"https://i.scdn.co/image/4aa43cea7fe65daa65fcbe4c0ecae581010209f6"},{"url":"https://i.scdn.co/image/bf3947a34b09a554c6c6d166b0d30060f22b3489"},{"url":"https://i.scdn.co/image/bf3947a34b09a554c6c6d166b0d30060f22b3489"},{"url":"https://i.scdn.co/image/bf3947a34b09a554c6c6d166b0d30060f22b3489"},{"url":"https://i.scdn.co/image/135ebee6f0792ce6dd52d55ac449eb3300c1f18a"},{"url":"https://i.scdn.co/image/8eea0dd856fda2d20d00ada8d038003621b108ad"},{"url":"https://i.scdn.co/image/a34530cc8be09b19a36fcb41ef7a33e1319fb71a"},{"url":"https://i.scdn.co/image/5cd5e55f931be15d73ddf028d4faf8a862c2d660"},{"url":"https://i.scdn.co/image/a29b7f8b600728f13e55d07ee94848c6daae7d91"},{"url":"https://i.scdn.co/image/0a8a895c35b24e1f3bf09fc47803e5334a81225d"},{"url":"https://i.scdn.co/image/c91bd2544e26efe661d291af3fb74ff12a8c84a3"},{"url":"https://i.scdn.co/image/ec1d389f4b448463b81513c0c5d5e1f6c34faa63"},{"url":"https://i.scdn.co/image/70429aaeceb7f8f6c087133382728223e0004b29"},{"url":"https://i.scdn.co/image/25040c5c7dbebaf6300ddcd1a52f635f3e373d6c"},{"url":"https://i.scdn.co/image/c3bca5f6e386f6c524800eb269c8483ce69909bd"},{"url":"https://i.scdn.co/image/482b2cb28d0f20ad28357429045a5ff5bb6ed42c"},{"url":"https://i.scdn.co/image/becbe3bc62dafa4ab9edd7ef313f6ab3fe38b5b6"},{"url":"https://i.scdn.co/image/9e01aaf171b64785c693335e1ce19dcf1d7823c7"},{"url":"https://i.scdn.co/image/8ab614aa26e64fff4bb52d23669d078135aac8d2"},{"url":"https://i.scdn.co/image/fd19f792e05f8b272cf9bbb2bafc4d656094e591"},{"url":"https://i.scdn.co/image/482b2cb28d0f20ad28357429045a5ff5bb6ed42c"},{"url":"https://i.scdn.co/image/9d596b71e005be1e6514b9553a94df0121d30f00"},{"url":"https://i.scdn.co/image/d0161dbe25180712a1cd8623155ea258a498032f"},{"url":"https://i.scdn.co/image/482b2cb28d0f20ad28357429045a5ff5bb6ed42c"},{"url":"https://i.scdn.co/image/12ba0b564cdaa2e001096a3e304ca730934eadb4"},{"url":"https://i.scdn.co/image/0cc6852dd0e6b5e7bb1a3c1fa616a7e3902e78e8"},{"url":"https://i.scdn.co/image/07a973037bd836b8baaad50f663810da93ea97ac"},{"url":"https://i.scdn.co/image/482b2cb28d0f20ad28357429045a5ff5bb6ed42c"},{"url":"https://i.scdn.co/image/1820ea91e0723b1ce8820bb2cedae9f1be9d1de9"},{"url":"https://i.scdn.co/image/2faf14c121b01bde63b55fdc9fbb3ddeec2ad48d"},{"url":"https://i.scdn.co/image/c9cac4d538e236acafa8d7c3771132fc3afc7481"},{"url":"https://i.scdn.co/image/ec1d389f4b448463b81513c0c5d5e1f6c34faa63"},{"url":"https://i.scdn.co/image/ec1d389f4b448463b81513c0c5d5e1f6c34faa63"},{"url":"https://i.scdn.co/image/ec1d389f4b448463b81513c0c5d5e1f6c34faa63"},{"url":"https://i.scdn.co/image/ec1d389f4b448463b81513c0c5d5e1f6c34faa63"},{"url":"https://i.scdn.co/image/ec1d389f4b448463b81513c0c5d5e1f6c34faa63"},{"url":"https://i.scdn.co/image/ec1d389f4b448463b81513c0c5d5e1f6c34faa63"},{"url":"https://i.scdn.co/image/53ce57550e65f0133f00082d18abdfaddc808ace"},{"url":"https://i.scdn.co/image/ec1d389f4b448463b81513c0c5d5e1f6c34faa63"},{"url":"https://i.scdn.co/image/ec1d389f4b448463b81513c0c5d5e1f6c34faa63"},{"url":"https://i.scdn.co/image/ec1d389f4b448463b81513c0c5d5e1f6c34faa63"},{"url":"https://i.scdn.co/image/b08620eeb991e769cb699e0afbd58fd193b627e4"},{"url":"https://i.scdn.co/image/6cfe6379f471fec69a9518cfdc7504f20efaf6ff"},{"url":"https://i.scdn.co/image/af2c7e44b56863e5bfcd3b7f97d2d43236c18eb6"},{"url":"https://i.scdn.co/image/25dfc28488693075f79c4469e2e55e03f55463c4"},{"url":"https://i.scdn.co/image/b08620eeb991e769cb699e0afbd58fd193b627e4"},{"url":"https://i.scdn.co/image/c06dc05e576590e225c467df863322d211a755fc"},{"url":"https://i.scdn.co/image/3f2cc8df9f891830695c00446ce86bd892e60886"},{"url":"https://i.scdn.co/image/f37a07086ba151910c23df31a1283a8135dd79ab"},{"url":"https://i.scdn.co/image/70429aaeceb7f8f6c087133382728223e0004b29"},{"url":"https://i.scdn.co/image/70429aaeceb7f8f6c087133382728223e0004b29"},{"url":"https://i.scdn.co/image/70429aaeceb7f8f6c087133382728223e0004b29"},{"url":"https://i.scdn.co/image/70429aaeceb7f8f6c087133382728223e0004b29"},{"url":"https://i.scdn.co/image/70429aaeceb7f8f6c087133382728223e0004b29"},{"url":"https://i.scdn.co/image/70429aaeceb7f8f6c087133382728223e0004b29"},{"url":"https://i.scdn.co/image/70429aaeceb7f8f6c087133382728223e0004b29"},{"url":"https://i.scdn.co/image/70429aaeceb7f8f6c087133382728223e0004b29"},{"url":"https://i.scdn.co/image/70429aaeceb7f8f6c087133382728223e0004b29"},{"url":"https://i.scdn.co/image/70429aaeceb7f8f6c087133382728223e0004b29"},{"url":"https://i.scdn.co/image/70429aaeceb7f8f6c087133382728223e0004b29"},{"url":"https://i.scdn.co/image/70429aaeceb7f8f6c087133382728223e0004b29"},{"url":"https://i.scdn.co/image/70429aaeceb7f8f6c087133382728223e0004b29"},{"url":"https://i.scdn.co/image/b923e1b7bb8130e96a0a50d5935c9d35af2b5a9d"},{"url":"https://i.scdn.co/image/25040c5c7dbebaf6300ddcd1a52f635f3e373d6c"},{"url":"https://i.scdn.co/image/83d48060ec72b57f927f359805135f0a94390580"},{"url":"https://i.scdn.co/image/4ab8f91a8d49329c7fe414c53bb610b0d65412d1"},{"url":"https://i.scdn.co/image/65020e48b12fbe3b20fe2f2ef7014f3e8ce54e1e"},{"url":"https://i.scdn.co/image/3d6c5b7f06e9d5e08268ccda13da8388f300d992"},{"url":"https://i.scdn.co/image/650c30f1787542f935c568d89098f0d1ffaa8db3"},{"url":"https://i.scdn.co/image/be96097fafecf623bbfdcd2ccbd8fe03be2b83f6"},{"url":"https://i.scdn.co/image/a722bc756928bcb05e3882bef445d483a941720b"},{"url":"https://i.scdn.co/image/cbb26ef682202cb248567ce65f30a9b6c095213e"},{"url":"https://i.scdn.co/image/e76db9f9a416786fb689717cbccb87260393b4c7"},{"url":"https://i.scdn.co/image/b5ab3ac1e2ae84b25a44c477fc7d3f28a5715ea6"},{"url":"https://i.scdn.co/image/8eea0dd856fda2d20d00ada8d038003621b108ad"},{"url":"https://i.scdn.co/image/65020e48b12fbe3b20fe2f2ef7014f3e8ce54e1e"},{"url":"https://i.scdn.co/image/650c30f1787542f935c568d89098f0d1ffaa8db3"},{"url":"https://i.scdn.co/image/a29b7f8b600728f13e55d07ee94848c6daae7d91"},{"url":"https://i.scdn.co/image/f26e40fe6fd640f3106487566233e0f364b9dcb7"},{"url":"https://i.scdn.co/image/25040c5c7dbebaf6300ddcd1a52f635f3e373d6c"},{"url":"https://i.scdn.co/image/b0a583b2f6db84635c7a1408178e595dbe945740"},{"url":"https://i.scdn.co/image/34579dcaeff1bde471dc12657d257fe783d77db7"},{"url":"https://i.scdn.co/image/0524c9e01d1fe25d1546bfef4214783789ff6ac1"},{"url":"https://i.scdn.co/image/858107cdf591e0257617a751f331f7bc1debcfca"},{"url":"https://i.scdn.co/image/37ffb5905818e873b3b7905274669b8a5d277810"},{"url":"https://i.scdn.co/image/03fbefa3eb94cc1b150ffb093a92d45aeb230adc"},{"url":"https://i.scdn.co/image/e113a815ee378abd7bf4f5b258a877aca349875c"},{"url":"https://i.scdn.co/image/5ab111cbd3ec5ac66549b84e8c6b3a3800aeb25b"},{"url":"https://i.scdn.co/image/fef855276d708f81597545359d1697c538dd4a05"},{"url":"https://i.scdn.co/image/bf3947a34b09a554c6c6d166b0d30060f22b3489"},{"url":"https://i.scdn.co/image/bf3947a34b09a554c6c6d166b0d30060f22b3489"},{"url":"https://i.scdn.co/image/592c33e533ce512908ab0df0b5dcc1c673c0c558"},{"url":"https://i.scdn.co/image/5ab111cbd3ec5ac66549b84e8c6b3a3800aeb25b"},{"url":"https://i.scdn.co/image/1a862f54aa5f973181d78cf36f4ffa4a4ff29d9e"},{"url":"https://i.scdn.co/image/bf3947a34b09a554c6c6d166b0d30060f22b3489"},{"url":"https://i.scdn.co/image/ab4e8c90f576baf9773390f44f0badb15edab00f"},{"url":"https://i.scdn.co/image/25040c5c7dbebaf6300ddcd1a52f635f3e373d6c"},{"url":"https://i.scdn.co/image/25040c5c7dbebaf6300ddcd1a52f635f3e373d6c"},{"url":"https://i.scdn.co/image/25040c5c7dbebaf6300ddcd1a52f635f3e373d6c"},{"url":"https://i.scdn.co/image/25040c5c7dbebaf6300ddcd1a52f635f3e373d6c"},{"url":"https://i.scdn.co/image/25040c5c7dbebaf6300ddcd1a52f635f3e373d6c"},{"url":"https://i.scdn.co/image/25040c5c7dbebaf6300ddcd1a52f635f3e373d6c"},{"url":"https://i.scdn.co/image/25040c5c7dbebaf6300ddcd1a52f635f3e373d6c"},{"url":"https://i.scdn.co/image/25040c5c7dbebaf6300ddcd1a52f635f3e373d6c"},{"url":"https://i.scdn.co/image/25040c5c7dbebaf6300ddcd1a52f635f3e373d6c"},{"url":"https://i.scdn.co/image/2faf14c121b01bde63b55fdc9fbb3ddeec2ad48d"},{"url":"https://i.scdn.co/image/7f5511ed5fd0c3d02ae19655a26a9b3ee6937f5b"},{"url":"https://i.scdn.co/image/6da7f494239ce239265554f6d8165ddcb09d8564"},{"url":"https://i.scdn.co/image/afa06f58d53b94976ca12b3f145e99db3a58b69c"},{"url":"https://i.scdn.co/image/ff20ea7e4c59c9c0eba92ba1b3ebf4e8d3bb299f"},{"url":"https://i.scdn.co/image/25040c5c7dbebaf6300ddcd1a52f635f3e373d6c"},{"url":"https://i.scdn.co/image/4d05854db1e5b3fbf4f834798960f4a053b2064e"},{"url":"https://i.scdn.co/image/7f5511ed5fd0c3d02ae19655a26a9b3ee6937f5b"},{"url":"https://i.scdn.co/image/cdf042794006f60144703fcb86a2908a0776d2ba"},{"url":"https://i.scdn.co/image/c3bca5f6e386f6c524800eb269c8483ce69909bd"},{"url":"https://i.scdn.co/image/2faf14c121b01bde63b55fdc9fbb3ddeec2ad48d"},{"url":"https://i.scdn.co/image/2faf14c121b01bde63b55fdc9fbb3ddeec2ad48d"},{"url":"https://i.scdn.co/image/2faf14c121b01bde63b55fdc9fbb3ddeec2ad48d"},{"url":"https://i.scdn.co/image/2faf14c121b01bde63b55fdc9fbb3ddeec2ad48d"},{"url":"https://i.scdn.co/image/2faf14c121b01bde63b55fdc9fbb3ddeec2ad48d"},{"url":"https://i.scdn.co/image/2faf14c121b01bde63b55fdc9fbb3ddeec2ad48d"},{"url":"https://i.scdn.co/image/37ffb5905818e873b3b7905274669b8a5d277810"},{"url":"https://i.scdn.co/image/45f6f77594b04449ca3d41bcf4a81043b7d7462e"},{"url":"https://i.scdn.co/image/2faf14c121b01bde63b55fdc9fbb3ddeec2ad48d"},{"url":"https://i.scdn.co/image/2faf14c121b01bde63b55fdc9fbb3ddeec2ad48d"},{"url":"https://i.scdn.co/image/1d977863162a3308adebf437d8d72d267327e19c"},{"url":"https://i.scdn.co/image/173d883aff21dd3457654b79c9ec61e60c88df67"},{"url":"https://i.scdn.co/image/e76db9f9a416786fb689717cbccb87260393b4c7"},{"url":"https://i.scdn.co/image/862e2a92bc1355bbf35a8e65bbcd61a803d20c88"},{"url":"https://i.scdn.co/image/e76db9f9a416786fb689717cbccb87260393b4c7"},{"url":"https://i.scdn.co/image/b0a3e8e699a856b971d4b97e9efc91966c13c42f"},{"url":"https://i.scdn.co/image/e76db9f9a416786fb689717cbccb87260393b4c7"},{"url":"https://i.scdn.co/image/2d4dd6eac7efc4754b9d02081e6fd9381c6917e6"},{"url":"https://i.scdn.co/image/978fbc15d3eea96ec902061a305880abdcd0465c"},{"url":"https://i.scdn.co/image/5ebe81cd260d0733076d78ff78026af22a55d942"},{"url":"https://i.scdn.co/image/34579dcaeff1bde471dc12657d257fe783d77db7"},{"url":"https://i.scdn.co/image/b64598a5480c6a0bf81e36694437ef8e188509bf"},{"url":"https://i.scdn.co/image/d7769e825d9e8d4e335a4bd062f9d9781fa22720"},{"url":"https://i.scdn.co/image/185e49836dd3fdbb0348520840a9dabb80477888"},{"url":"https://i.scdn.co/image/6b311ec6e3d6999a14e7d1ea8841d00226c292c6"},{"url":"https://i.scdn.co/image/83d48060ec72b57f927f359805135f0a94390580"},{"url":"https://i.scdn.co/image/df853c619eaedb754087e5e2a4b1fbca64ac989b"},{"url":"https://i.scdn.co/image/c952262eae35f928f1ccafc0744353edd578ca11"},{"url":"https://i.scdn.co/image/4748d0d37c73ababdba35c46b71ca7dd54bd9144"},{"url":"https://i.scdn.co/image/a3a3619da6a173fbaac4739717072d2e637b53d7"},{"url":"https://i.scdn.co/image/5e775649acb949aaaac7718e533bac128bc9dc0a"},{"url":"https://i.scdn.co/image/7ab2dbaa4d6bb607e26438fb1037cea907c1fd60"},{"url":"https://i.scdn.co/image/61ff3036c3b9ed2ca3c39312928611dfe0ad85e8"},{"url":"https://i.scdn.co/image/cdd1f71386a2b1de7bb91c71f4808e873eb66427"},{"url":"https://i.scdn.co/image/6e867bb3f6c95196e0897904f88c05d0d43696af"},{"url":"https://i.scdn.co/image/dcd1a0e75bc0772d6dbce06b4a7776d557007eba"},{"url":"https://i.scdn.co/image/85a734f604546d4bca5ddd92052d420ab0bf1cb0"},{"url":"https://i.scdn.co/image/85a4bb1510872ec51dc53f68d64af81796732a3c"},{"url":"https://i.scdn.co/image/f150874c652ad8bb5a946c632d371dc92239b65f"},{"url":"https://i.scdn.co/image/15db51a650129205fc154c45a39c40b2bbb86ced"},{"url":"https://i.scdn.co/image/ccddacb6bfdcac0b326f1a416d105eefb7efdc42"},{"url":"https://i.scdn.co/image/fb56a0f8654831981b47124552a806976796aa66"},{"url":"https://i.scdn.co/image/1d977863162a3308adebf437d8d72d267327e19c"},{"url":"https://i.scdn.co/image/1d977863162a3308adebf437d8d72d267327e19c"},{"url":"https://i.scdn.co/image/1d977863162a3308adebf437d8d72d267327e19c"},{"url":"https://i.scdn.co/image/9ff5f44fbbf8f7e4b60ab826c6f93589aee1ab26"},{"url":"https://i.scdn.co/image/1d977863162a3308adebf437d8d72d267327e19c"},{"url":"https://i.scdn.co/image/1063e03b860f0f7aff60c12f3bb411ce9c4f9be8"},{"url":"https://i.scdn.co/image/1d977863162a3308adebf437d8d72d267327e19c"},{"url":"https://i.scdn.co/image/4bf31b33bd9c5790e4f3a8915eeae12f46dcf35c"},{"url":"https://i.scdn.co/image/fff305f66ac398ac6e7e31302d899f172749cc56"},{"url":"https://i.scdn.co/image/1d977863162a3308adebf437d8d72d267327e19c"},{"url":"https://i.scdn.co/image/2209a8645094d0032b1bd059e133d29dfbbc7cad"},{"url":"https://i.scdn.co/image/1d977863162a3308adebf437d8d72d267327e19c"},{"url":"https://i.scdn.co/image/1d977863162a3308adebf437d8d72d267327e19c"},{"url":"https://i.scdn.co/image/08a366160eb5b7fe6ad9899a3502cf48b81b6bd3"},{"url":"https://i.scdn.co/image/ad454d208cb8838c565501e35b071de9a4a85afd"},{"url":"https://i.scdn.co/image/1d977863162a3308adebf437d8d72d267327e19c"},{"url":"https://i.scdn.co/image/234399ba6720e31bc9e70bfb665dc46140c32002"},{"url":"https://i.scdn.co/image/1d977863162a3308adebf437d8d72d267327e19c"},{"url":"https://i.scdn.co/image/7226cb7a0acaddfb356c09555bec59d735506461"},{"url":"https://i.scdn.co/image/83d48060ec72b57f927f359805135f0a94390580"},{"url":"https://i.scdn.co/image/1d977863162a3308adebf437d8d72d267327e19c"},{"url":"https://i.scdn.co/image/e4c924814e37a03d74db657434b38a7b322c40cb"},{"url":"https://i.scdn.co/image/1d977863162a3308adebf437d8d72d267327e19c"},{"url":"https://i.scdn.co/image/91bc5053d26a647385ca61eac836ae9e9749cae9"},{"url":"https://i.scdn.co/image/650c30f1787542f935c568d89098f0d1ffaa8db3"},{"url":"https://i.scdn.co/image/83d48060ec72b57f927f359805135f0a94390580"},{"url":"https://i.scdn.co/image/ccddacb6bfdcac0b326f1a416d105eefb7efdc42"},{"url":"https://i.scdn.co/image/1d977863162a3308adebf437d8d72d267327e19c"},{"url":"https://i.scdn.co/image/6da7f494239ce239265554f6d8165ddcb09d8564"},{"url":"https://i.scdn.co/image/5970391e1c47e3a341e23c3060eacb92e625f2e2"},{"url":"https://i.scdn.co/image/7f7a2b2880e6697c312adafb3c55fd139d455c79"},{"url":"https://i.scdn.co/image/81c0d86e892301896f11e0706895df35b76fdb88"},{"url":"https://i.scdn.co/image/83126dea2d2a7d267e84286b07f18079800cc524"},{"url":"https://i.scdn.co/image/6da7f494239ce239265554f6d8165ddcb09d8564"},{"url":"https://i.scdn.co/image/6da7f494239ce239265554f6d8165ddcb09d8564"},{"url":"https://i.scdn.co/image/8b9f204b0c19f5874758da2ffc2a90ea86771d55"},{"url":"https://i.scdn.co/image/d403f24b2b010be2abde5a48d207cafbf414c1f8"},{"url":"https://i.scdn.co/image/6790e117781df19348278e116767fd78c88b9746"},{"url":"https://i.scdn.co/image/c2a50401356b3f9aa774dd21b0b0f1590c557d46"},{"url":"https://i.scdn.co/image/52525e115dab1d038df73060311e462f74574f66"},{"url":"https://i.scdn.co/image/a3de5cba2ff9e9689f95d3661ec3586791919822"},{"url":"https://i.scdn.co/image/a027cb3b321afbe699ebed8fbc6cf8bbb4d0f1bb"},{"url":"https://i.scdn.co/image/6da7f494239ce239265554f6d8165ddcb09d8564"},{"url":"https://i.scdn.co/image/cd3bf63e9739f644d41c19bffeaee4feeb0e3c4a"},{"url":"https://i.scdn.co/image/f49656c79592a34fe94f4753335327114d17d584"},{"url":"https://i.scdn.co/image/6da7f494239ce239265554f6d8165ddcb09d8564"},{"url":"https://i.scdn.co/image/90c98f5e44696d06e11f0184d9c69e21b8f6c0d7"},{"url":"https://i.scdn.co/image/e49583c56c397470f570a41f6aeb27c80f74cb0a"},{"url":"https://i.scdn.co/image/858107cdf591e0257617a751f331f7bc1debcfca"},{"url":"https://i.scdn.co/image/e49583c56c397470f570a41f6aeb27c80f74cb0a"},{"url":"https://i.scdn.co/image/ca4396839dcd0aada918d9b7a1238c2dcbbbf4e7"},{"url":"https://i.scdn.co/image/ca4396839dcd0aada918d9b7a1238c2dcbbbf4e7"},{"url":"https://i.scdn.co/image/858107cdf591e0257617a751f331f7bc1debcfca"},{"url":"https://i.scdn.co/image/c8637be962e25fe28fc53d9f6d6896b60589aeff"},{"url":"https://i.scdn.co/image/ca4396839dcd0aada918d9b7a1238c2dcbbbf4e7"},{"url":"https://i.scdn.co/image/858107cdf591e0257617a751f331f7bc1debcfca"},{"url":"https://i.scdn.co/image/858107cdf591e0257617a751f331f7bc1debcfca"},{"url":"https://i.scdn.co/image/ca4396839dcd0aada918d9b7a1238c2dcbbbf4e7"},{"url":"https://i.scdn.co/image/ca4396839dcd0aada918d9b7a1238c2dcbbbf4e7"},{"url":"https://i.scdn.co/image/d9379ee0893bdcc0f61f6a37211dc56c3f916d94"},{"url":"https://i.scdn.co/image/858107cdf591e0257617a751f331f7bc1debcfca"},{"url":"https://i.scdn.co/image/db4841b9961a0aaa5df39d1373e14ebb926a5983"},{"url":"https://i.scdn.co/image/640b214f1dc32fdbb8367cd9db90385df6bc58ff"},{"url":"https://i.scdn.co/image/f26e40fe6fd640f3106487566233e0f364b9dcb7"},{"url":"https://i.scdn.co/image/f26e40fe6fd640f3106487566233e0f364b9dcb7"},{"url":"https://i.scdn.co/image/90ba55d8e9cad62732bbc76779326dd372b4459e"},{"url":"https://i.scdn.co/image/81c0d86e892301896f11e0706895df35b76fdb88"},{"url":"https://i.scdn.co/image/52525e115dab1d038df73060311e462f74574f66"},{"url":"https://i.scdn.co/image/52525e115dab1d038df73060311e462f74574f66"},{"url":"https://i.scdn.co/image/05166e46ac5b35cb06ff6ac00edd26aa7c933bf3"},{"url":"https://i.scdn.co/image/52525e115dab1d038df73060311e462f74574f66"},{"url":"https://i.scdn.co/image/3d680debfbef703f9c16d30ab6d22c235eb74fa6"},{"url":"https://i.scdn.co/image/05166e46ac5b35cb06ff6ac00edd26aa7c933bf3"},{"url":"https://i.scdn.co/image/f26e40fe6fd640f3106487566233e0f364b9dcb7"},{"url":"https://i.scdn.co/image/81c0d86e892301896f11e0706895df35b76fdb88"},{"url":"https://i.scdn.co/image/05166e46ac5b35cb06ff6ac00edd26aa7c933bf3"},{"url":"https://i.scdn.co/image/7f6c3177240834d723ec9e66f38de4a7d4d2014e"},{"url":"https://i.scdn.co/image/05166e46ac5b35cb06ff6ac00edd26aa7c933bf3"},{"url":"https://i.scdn.co/image/05166e46ac5b35cb06ff6ac00edd26aa7c933bf3"},{"url":"https://i.scdn.co/image/f57af57afa6e8f995afd050bec479aa543e2f267"},{"url":"https://i.scdn.co/image/81c0d86e892301896f11e0706895df35b76fdb88"},{"url":"https://i.scdn.co/image/81c0d86e892301896f11e0706895df35b76fdb88"},{"url":"https://i.scdn.co/image/5c9f8f14babcfc3f831fa9fe2f8cda424a61f45a"},{"url":"https://i.scdn.co/image/81c0d86e892301896f11e0706895df35b76fdb88"},{"url":"https://i.scdn.co/image/81c0d86e892301896f11e0706895df35b76fdb88"},{"url":"https://i.scdn.co/image/cc5625f25b982442489fc625c5a025049de28704"},{"url":"https://i.scdn.co/image/05166e46ac5b35cb06ff6ac00edd26aa7c933bf3"},{"url":"https://i.scdn.co/image/70d370d4287b37508c2b69aa138eae5d70827e24"},{"url":"https://i.scdn.co/image/c6f600938100de863081c4482f1a9313dc0485e0"},{"url":"https://i.scdn.co/image/c3bca5f6e386f6c524800eb269c8483ce69909bd"},{"url":"https://i.scdn.co/image/f26e40fe6fd640f3106487566233e0f364b9dcb7"},{"url":"https://i.scdn.co/image/f6be96b6b47dedf0bb055e9ae142393a1a9320b3"},{"url":"https://i.scdn.co/image/2698acd48a6de24dab83f614ba1bfebcef3d30a4"},{"url":"https://i.scdn.co/image/37ffb5905818e873b3b7905274669b8a5d277810"},{"url":"https://i.scdn.co/image/f26e40fe6fd640f3106487566233e0f364b9dcb7"},{"url":"https://i.scdn.co/image/135fa5a0ac7d7ada8ec8f3acce1606cb4edc1227"},{"url":"https://i.scdn.co/image/37ffb5905818e873b3b7905274669b8a5d277810"},{"url":"https://i.scdn.co/image/bd5e0e52be3a5e4b49fbfc624c848bdf351e5312"},{"url":"https://i.scdn.co/image/f26e40fe6fd640f3106487566233e0f364b9dcb7"},{"url":"https://i.scdn.co/image/049e099bf5a62637f4d2b629b9e76c5f8e198f88"},{"url":"https://i.scdn.co/image/52525e115dab1d038df73060311e462f74574f66"},{"url":"https://i.scdn.co/image/f26e40fe6fd640f3106487566233e0f364b9dcb7"},{"url":"https://i.scdn.co/image/37ffb5905818e873b3b7905274669b8a5d277810"},{"url":"https://i.scdn.co/image/37ffb5905818e873b3b7905274669b8a5d277810"},{"url":"https://i.scdn.co/image/f26e40fe6fd640f3106487566233e0f364b9dcb7"},{"url":"https://i.scdn.co/image/bd5e0e52be3a5e4b49fbfc624c848bdf351e5312"},{"url":"https://i.scdn.co/image/09792fcee84cbc67b134be61c0b19cf69196dab1"},{"url":"https://i.scdn.co/image/c1c6a9a2ac434944f64adf3c7f197460791c872a"},{"url":"https://i.scdn.co/image/e0c1774d0cea9d3f5761877e54b6156d48a8e398"},{"url":"https://i.scdn.co/image/418198f7ac5a53eb7558dea93d5da83c14aa278c"},{"url":"https://i.scdn.co/image/495d52c9bf63e85459e7a3a2ccb82a354f1cbcc2"},{"url":"https://i.scdn.co/image/d7568e93704a1bb56e863a6e3a186308ce166c60"},{"url":"https://i.scdn.co/image/e0c1774d0cea9d3f5761877e54b6156d48a8e398"},{"url":"https://i.scdn.co/image/a44aec0924b322d064c2a90a55f59cc3b3c83e48"},{"url":"https://i.scdn.co/image/e0c1774d0cea9d3f5761877e54b6156d48a8e398"},{"url":"https://i.scdn.co/image/3c9e9b1166b8fada9a9723b5c416506b81b195bf"},{"url":"https://i.scdn.co/image/e0c1774d0cea9d3f5761877e54b6156d48a8e398"},{"url":"https://i.scdn.co/image/e0c1774d0cea9d3f5761877e54b6156d48a8e398"},{"url":"https://i.scdn.co/image/e0c1774d0cea9d3f5761877e54b6156d48a8e398"},{"url":"https://i.scdn.co/image/e0c1774d0cea9d3f5761877e54b6156d48a8e398"},{"url":"https://i.scdn.co/image/e0c1774d0cea9d3f5761877e54b6156d48a8e398"},{"url":"https://i.scdn.co/image/ac2dd2f54c26abde85bb528635ed55c73691e8d5"},{"url":"https://i.scdn.co/image/c1c6a9a2ac434944f64adf3c7f197460791c872a"},{"url":"https://i.scdn.co/image/c4795863b2507200d4437bef60398fad7f47331e"},{"url":"https://i.scdn.co/image/ac2dd2f54c26abde85bb528635ed55c73691e8d5"},{"url":"https://i.scdn.co/image/e0c1774d0cea9d3f5761877e54b6156d48a8e398"},{"url":"https://i.scdn.co/image/e0c1774d0cea9d3f5761877e54b6156d48a8e398"},{"url":"https://i.scdn.co/image/6b311ec6e3d6999a14e7d1ea8841d00226c292c6"},{"url":"https://i.scdn.co/image/e0c1774d0cea9d3f5761877e54b6156d48a8e398"},{"url":"https://i.scdn.co/image/d6336a48a15c23d2067ebf4f48c55ce80a65becc"},{"url":"https://i.scdn.co/image/e0c1774d0cea9d3f5761877e54b6156d48a8e398"},{"url":"https://i.scdn.co/image/e0c1774d0cea9d3f5761877e54b6156d48a8e398"},{"url":"https://i.scdn.co/image/a4d94878dd6f827d14b9131901785c6cbf7cf8db"},{"url":"https://i.scdn.co/image/6fce0f2e5cec7c308dca73911bca7ae58b75449f"},{"url":"https://i.scdn.co/image/16c73d4d6cf521f6858a10207661367f3f0bd1af"},{"url":"https://i.scdn.co/image/347137b90ce47e31ef72382a29f31067a5920cd8"},{"url":"https://i.scdn.co/image/e0c1774d0cea9d3f5761877e54b6156d48a8e398"},{"url":"https://i.scdn.co/image/d4f0f0b83444822d2ebcd95b7e11caec8d2232d1"},{"url":"https://i.scdn.co/image/fb1071eef8a7299135b8bbd2a0059de35847e973"},{"url":"https://i.scdn.co/image/699a6fd0801c8009d402830f3bd1e0bd4d4875ba"},{"url":"https://i.scdn.co/image/c406fe8d4c9599deee71039921debbdcf97614e0"},{"url":"https://i.scdn.co/image/c1c6a9a2ac434944f64adf3c7f197460791c872a"},{"url":"https://i.scdn.co/image/c636ec3570b43a2814717b59347324025b141552"},{"url":"https://i.scdn.co/image/6fb861f94a5d35e72641f6e98126c529f648961c"},{"url":"https://i.scdn.co/image/596b07119f052322194b0b488dbac339a40fea74"},{"url":"https://i.scdn.co/image/8b3689caff853d55d82262f2ce56118ac26c40b1"},{"url":"https://i.scdn.co/image/83ddc0106459d6743a289cfdb7de8812f50a4eb5"},{"url":"https://i.scdn.co/image/7c2ea3f97f07bf930e3db0736267df3dd8a0d937"},{"url":"https://i.scdn.co/image/7ba338801f739e56f32dd2e6b7785bf5fcead06a"},{"url":"https://i.scdn.co/image/fa3958228fe769338817f6c8f6c0025477021c89"},{"url":"https://i.scdn.co/image/b9bb963959e112337febbb2c7c75715005d7fd0d"},{"url":"https://i.scdn.co/image/5a659d7b328b0281bdbe61a4e15430c76f90af58"},{"url":"https://i.scdn.co/image/d7b7b08098b9236a75c608f097cf15c8bdf1500b"},{"url":"https://i.scdn.co/image/bec4a40aa4ac10b3e5518cf1dcbca33d1e5121ec"},{"url":"https://i.scdn.co/image/8978ca55e89fc664cbf672804a90ac7afb142fd0"},{"url":"https://i.scdn.co/image/493ffc4cc35274f4dd911e9beb3fea74e6fca21d"},{"url":"https://i.scdn.co/image/8978ca55e89fc664cbf672804a90ac7afb142fd0"},{"url":"https://i.scdn.co/image/8978ca55e89fc664cbf672804a90ac7afb142fd0"},{"url":"https://i.scdn.co/image/1f3e5c83bef252abed39886a213b26ff9f3fcca3"},{"url":"https://i.scdn.co/image/23db0fdc9e4d6971006ea723b269b7a99aa12435"},{"url":"https://i.scdn.co/image/8978ca55e89fc664cbf672804a90ac7afb142fd0"},{"url":"https://i.scdn.co/image/8978ca55e89fc664cbf672804a90ac7afb142fd0"},{"url":"https://i.scdn.co/image/8978ca55e89fc664cbf672804a90ac7afb142fd0"},{"url":"https://i.scdn.co/image/25c88542f89cfcd842e62b6c3851518fe0eca6f6"},{"url":"https://i.scdn.co/image/819c2bbfd98f4f917bf822320ffe9f1e9b400a73"},{"url":"https://i.scdn.co/image/eb02ebcb268a6929bcbfe036a20fab72664142c3"},{"url":"https://i.scdn.co/image/8978ca55e89fc664cbf672804a90ac7afb142fd0"},{"url":"https://i.scdn.co/image/8978ca55e89fc664cbf672804a90ac7afb142fd0"},{"url":"https://i.scdn.co/image/8978ca55e89fc664cbf672804a90ac7afb142fd0"},{"url":"https://i.scdn.co/image/328d7275d37ee3d008dd6027ccdd726fc1627418"},{"url":"https://i.scdn.co/image/eb02ebcb268a6929bcbfe036a20fab72664142c3"},{"url":"https://i.scdn.co/image/8978ca55e89fc664cbf672804a90ac7afb142fd0"},{"url":"https://i.scdn.co/image/23db0fdc9e4d6971006ea723b269b7a99aa12435"},{"url":"https://i.scdn.co/image/eb02ebcb268a6929bcbfe036a20fab72664142c3"},{"url":"https://i.scdn.co/image/8978ca55e89fc664cbf672804a90ac7afb142fd0"},{"url":"https://i.scdn.co/image/eb02ebcb268a6929bcbfe036a20fab72664142c3"},{"url":"https://i.scdn.co/image/bec4a40aa4ac10b3e5518cf1dcbca33d1e5121ec"},{"url":"https://i.scdn.co/image/4a5a7737db8a500dd89ff8dd5bb9d993f481c97b"},{"url":"https://i.scdn.co/image/67ae5bbdac9a8fc06a4b2df77136438a7380e9f7"},{"url":"https://i.scdn.co/image/2f478952569fdb03a1550af33e243c03937ae089"},{"url":"https://i.scdn.co/image/8978ca55e89fc664cbf672804a90ac7afb142fd0"},{"url":"https://i.scdn.co/image/2f478952569fdb03a1550af33e243c03937ae089"},{"url":"https://i.scdn.co/image/2f478952569fdb03a1550af33e243c03937ae089"},{"url":"https://i.scdn.co/image/8978ca55e89fc664cbf672804a90ac7afb142fd0"},{"url":"https://i.scdn.co/image/328d7275d37ee3d008dd6027ccdd726fc1627418"},{"url":"https://i.scdn.co/image/23db0fdc9e4d6971006ea723b269b7a99aa12435"},{"url":"https://i.scdn.co/image/bec4a40aa4ac10b3e5518cf1dcbca33d1e5121ec"},{"url":"https://i.scdn.co/image/eb02ebcb268a6929bcbfe036a20fab72664142c3"},{"url":"https://i.scdn.co/image/23db0fdc9e4d6971006ea723b269b7a99aa12435"},{"url":"https://i.scdn.co/image/328d7275d37ee3d008dd6027ccdd726fc1627418"},{"url":"https://i.scdn.co/image/65cef028f3bcffb0563b909b13a85b7359558c6e"},{"url":"https://i.scdn.co/image/493ffc4cc35274f4dd911e9beb3fea74e6fca21d"},{"url":"https://i.scdn.co/image/493ffc4cc35274f4dd911e9beb3fea74e6fca21d"},{"url":"https://i.scdn.co/image/25c88542f89cfcd842e62b6c3851518fe0eca6f6"},{"url":"https://i.scdn.co/image/2f478952569fdb03a1550af33e243c03937ae089"},{"url":"https://i.scdn.co/image/4a5a7737db8a500dd89ff8dd5bb9d993f481c97b"},{"url":"https://i.scdn.co/image/bec4a40aa4ac10b3e5518cf1dcbca33d1e5121ec"},{"url":"https://i.scdn.co/image/2f478952569fdb03a1550af33e243c03937ae089"},{"url":"https://i.scdn.co/image/ed38596d8ed2b3fdf2ab9e823df4c5f29758d42f"},{"url":"https://i.scdn.co/image/b01c19dcbb422a08d017529881fdbca5e5724350"},{"url":"https://i.scdn.co/image/91302a72b1f5e845c4ad878cbbc0a22062d72441"},{"url":"https://i.scdn.co/image/fa286e53b15b2bf3f0ef5268bce90d7a44590f08"},{"url":"https://i.scdn.co/image/f9278df8788463ab76d6e52c20a5d4e19b399f74"},{"url":"https://i.scdn.co/image/7fcf8e7d76e88f82232b0a2e2060b3a7d4fe5b3c"},{"url":"https://i.scdn.co/image/c934fefc5929eb96e24a09058e331275066f8e0e"},{"url":"https://i.scdn.co/image/5f6f5fe141409f4c5eec925345f04b64a29b3b52"},{"url":"https://i.scdn.co/image/fa30602fd48aac61c3d7039559982b745c384028"},{"url":"https://i.scdn.co/image/2796532d555ddacd51cc0de70727b8e695adf2da"},{"url":"https://i.scdn.co/image/d1506b04c83cad18d63cca4c913e10ad46134047"},{"url":"https://i.scdn.co/image/b079a8b1b03a6f7805d65f1c5e257093a9171a92"},{"url":"https://i.scdn.co/image/3f53568ac996e76a64c6c5d2e062f0a8855cc2aa"},{"url":"https://i.scdn.co/image/dc0bfedfde5dd93f3117c7f8f934c32f053992a4"},{"url":"https://i.scdn.co/image/82645f23725ec1a1c4ed9e4ce87e1290e6bae085"},{"url":"https://i.scdn.co/image/575096dbcc1e23cca60ec973168fa4cc16a4c4de"},{"url":"https://i.scdn.co/image/fd739815b64ee121200f6949d694d60fc03bcd85"},{"url":"https://i.scdn.co/image/c788ff80b2e655f6528d9a1683630c75b566c066"},{"url":"https://i.scdn.co/image/8eb9cfbaefa72ecf9a89eb0ef67199c14086f524"},{"url":"https://i.scdn.co/image/8eb9cfbaefa72ecf9a89eb0ef67199c14086f524"},{"url":"https://i.scdn.co/image/8762ce89b123327e508204a372cba7530b4469ce"},{"url":"https://i.scdn.co/image/e212614ef4abb893c55a029f158fd5fa787731e4"},{"url":"https://i.scdn.co/image/02d711c79164078dcaa4ef94ff0fe34dc4af3871"},{"url":"https://i.scdn.co/image/82645f23725ec1a1c4ed9e4ce87e1290e6bae085"},{"url":"https://i.scdn.co/image/e7675744b55e0b03723a3705937b06390ecc1772"},{"url":"https://i.scdn.co/image/82645f23725ec1a1c4ed9e4ce87e1290e6bae085"},{"url":"https://i.scdn.co/image/b26cb78c7ebddc9e6f604cc4c5392e9b6097bdf4"},{"url":"https://i.scdn.co/image/82645f23725ec1a1c4ed9e4ce87e1290e6bae085"},{"url":"https://i.scdn.co/image/53e6d57ad72a0ef8dc8163dcf285d0dc28d26733"},{"url":"https://i.scdn.co/image/ccddacb6bfdcac0b326f1a416d105eefb7efdc42"},{"url":"https://i.scdn.co/image/c9ad0b8d9930a0b9c03bbda7e5b17ca665065e51"},{"url":"https://i.scdn.co/image/82645f23725ec1a1c4ed9e4ce87e1290e6bae085"},{"url":"https://i.scdn.co/image/82645f23725ec1a1c4ed9e4ce87e1290e6bae085"},{"url":"https://i.scdn.co/image/68fb1b608cd58a6984620e71eca34a2d155bfbdc"},{"url":"https://i.scdn.co/image/5c0ada5a112a83c0673bb4c368dbc14cbcb869ee"},{"url":"https://i.scdn.co/image/7246a6cecb19d03a7a9dc83bab10e9ae4e1c82b5"},{"url":"https://i.scdn.co/image/55823eb40a5a6293320d1a9411306254c5e1c90e"},{"url":"https://i.scdn.co/image/3d461dd2722e109db7e55b69ab8cd6fbfd6041b0"},{"url":"https://i.scdn.co/image/c90a29379597b6a9884acbfaf7a60538be89b0a1"},{"url":"https://i.scdn.co/image/b296f4e22248afa632c0123a5e4991b45b471100"},{"url":"https://i.scdn.co/image/3d461dd2722e109db7e55b69ab8cd6fbfd6041b0"},{"url":"https://i.scdn.co/image/3d461dd2722e109db7e55b69ab8cd6fbfd6041b0"},{"url":"https://i.scdn.co/image/430de50165beab14f89e7fbb04fe2aa49e9f7c81"},{"url":"https://i.scdn.co/image/061b4b496ec7df33bd08a5c875bf9d488570fc40"},{"url":"https://i.scdn.co/image/f907b7bd9005963a4e6b8863b7dfc4fe7e1cc739"},{"url":"https://i.scdn.co/image/39cb05d373ddb356dd8f5357810ab35fdec9f6e1"},{"url":"https://i.scdn.co/image/ead73f726959b82d78c41d28ca41edfef92b1c87"},{"url":"https://i.scdn.co/image/46bc351f18dbb3dddcf451fa962737c3a2aff0ff"},{"url":"https://i.scdn.co/image/46bc351f18dbb3dddcf451fa962737c3a2aff0ff"},{"url":"https://i.scdn.co/image/ead73f726959b82d78c41d28ca41edfef92b1c87"},{"url":"https://i.scdn.co/image/46bc351f18dbb3dddcf451fa962737c3a2aff0ff"},{"url":"https://i.scdn.co/image/ead73f726959b82d78c41d28ca41edfef92b1c87"},{"url":"https://i.scdn.co/image/46bc351f18dbb3dddcf451fa962737c3a2aff0ff"},{"url":"https://i.scdn.co/image/ead73f726959b82d78c41d28ca41edfef92b1c87"},{"url":"https://i.scdn.co/image/ead73f726959b82d78c41d28ca41edfef92b1c87"},{"url":"https://i.scdn.co/image/46bc351f18dbb3dddcf451fa962737c3a2aff0ff"},{"url":"https://i.scdn.co/image/46bc351f18dbb3dddcf451fa962737c3a2aff0ff"},{"url":"https://i.scdn.co/image/46bc351f18dbb3dddcf451fa962737c3a2aff0ff"},{"url":"https://i.scdn.co/image/ead73f726959b82d78c41d28ca41edfef92b1c87"},{"url":"https://i.scdn.co/image/ead73f726959b82d78c41d28ca41edfef92b1c87"},{"url":"https://i.scdn.co/image/ead73f726959b82d78c41d28ca41edfef92b1c87"},{"url":"https://i.scdn.co/image/ead73f726959b82d78c41d28ca41edfef92b1c87"},{"url":"https://i.scdn.co/image/46bc351f18dbb3dddcf451fa962737c3a2aff0ff"},{"url":"https://i.scdn.co/image/46bc351f18dbb3dddcf451fa962737c3a2aff0ff"},{"url":"https://i.scdn.co/image/ead73f726959b82d78c41d28ca41edfef92b1c87"},{"url":"https://i.scdn.co/image/ead73f726959b82d78c41d28ca41edfef92b1c87"},{"url":"https://i.scdn.co/image/ead73f726959b82d78c41d28ca41edfef92b1c87"},{"url":"https://i.scdn.co/image/792eeffb0d9fc3a22b778e99c3024b70073f7810"},{"url":"https://i.scdn.co/image/46bc351f18dbb3dddcf451fa962737c3a2aff0ff"},{"url":"https://i.scdn.co/image/ead73f726959b82d78c41d28ca41edfef92b1c87"},{"url":"https://i.scdn.co/image/ead73f726959b82d78c41d28ca41edfef92b1c87"},{"url":"https://i.scdn.co/image/46bc351f18dbb3dddcf451fa962737c3a2aff0ff"},{"url":"https://i.scdn.co/image/ead73f726959b82d78c41d28ca41edfef92b1c87"},{"url":"https://i.scdn.co/image/ead73f726959b82d78c41d28ca41edfef92b1c87"},{"url":"https://i.scdn.co/image/6ad5943073618efe2ebf54a69056ceb893639b1a"},{"url":"https://i.scdn.co/image/9a171d95b069bf5494607b0963bd7921ca60c342"},{"url":"https://i.scdn.co/image/792eeffb0d9fc3a22b778e99c3024b70073f7810"},{"url":"https://i.scdn.co/image/338e8f6a727ac686e3eb3de21a54c5ef6e10c68a"},{"url":"https://i.scdn.co/image/b2357c3cd9f49883e8b63f2c45635d49b53e0b42"},{"url":"https://i.scdn.co/image/c1bbbd32500602b2a95dcfb95598baca9570813c"},{"url":"https://i.scdn.co/image/f538302a80d662a7e25a41054440756736842e12"},{"url":"https://i.scdn.co/image/6ad5943073618efe2ebf54a69056ceb893639b1a"},{"url":"https://i.scdn.co/image/ba63f3fab8dfdd32d3092dc7bdd2a8a9429d4385"},{"url":"https://i.scdn.co/image/063c163e745f7791b052255131dc7ebd76a56507"},{"url":"https://i.scdn.co/image/6ad5943073618efe2ebf54a69056ceb893639b1a"},{"url":"https://i.scdn.co/image/3c16b082eb18a8de0585fc6a40dcb14fc06ba19a"},{"url":"https://i.scdn.co/image/426cf9b0128d0f924380d9ed6b6086dd73240ebb"},{"url":"https://i.scdn.co/image/4a5395c1ea2067fb4ed1b5e6b05f85412d3ce8e1"},{"url":"https://i.scdn.co/image/22692a034870c105fc45278228cd79898332b170"},{"url":"https://i.scdn.co/image/ab3b7c4855f9300701399e19df578c9f83f17952"},{"url":"https://i.scdn.co/image/98e4dcd320076b123e4f776042f1098d96dcab0e"},{"url":"https://i.scdn.co/image/53f6bd891e83bbf3164fbcf869f4f5400b5e07b5"},{"url":"https://i.scdn.co/image/0937409c3eb1a5c68a950f97864edc23b4041e8c"},{"url":"https://i.scdn.co/image/8cd4fc8f2c5944060ee0cc32cf4a30bc59d3d487"},{"url":"https://i.scdn.co/image/0e874333de10c6f03f3456866cb22f033dbba7b3"},{"url":"https://i.scdn.co/image/7d73b1ac588c93b6c88dee354b4d06a16f8db822"},{"url":"https://i.scdn.co/image/39cb05d373ddb356dd8f5357810ab35fdec9f6e1"},{"url":"https://i.scdn.co/image/492de7f87c8a94d7af46a332eb3688a41f1e0b0d"},{"url":"https://i.scdn.co/image/91302a72b1f5e845c4ad878cbbc0a22062d72441"},{"url":"https://i.scdn.co/image/d0dcca5ba4d1ba71f87e9512b5374760575935a9"},{"url":"https://i.scdn.co/image/63aaca124eb2e8ec0db6c03f586e4cb4ffa14fb8"},{"url":"https://i.scdn.co/image/91302a72b1f5e845c4ad878cbbc0a22062d72441"},{"url":"https://i.scdn.co/image/9ac99ccfcd8c9c8f32df092459b8351ce9b58a6b"},{"url":"https://i.scdn.co/image/91302a72b1f5e845c4ad878cbbc0a22062d72441"},{"url":"https://i.scdn.co/image/c89ea26344e4eb73c641e9520d1df684c30722de"},{"url":"https://i.scdn.co/image/91302a72b1f5e845c4ad878cbbc0a22062d72441"},{"url":"https://i.scdn.co/image/91302a72b1f5e845c4ad878cbbc0a22062d72441"},{"url":"https://i.scdn.co/image/91302a72b1f5e845c4ad878cbbc0a22062d72441"},{"url":"https://i.scdn.co/image/3ddd37345a44fa521d34b5963e27ec8f6b10beef"},{"url":"https://i.scdn.co/image/105d000df44f1a129ef078fee2434b75b928bc3f"},{"url":"https://i.scdn.co/image/c06ae6b8892c43d49f4178052bf25c469e5d56a2"},{"url":"https://i.scdn.co/image/7d21a2e7cd5a853e67328448be0249e8b3034faa"},{"url":"https://i.scdn.co/image/63072cfee95f787864dc5481f5dd2fd205711821"},{"url":"https://i.scdn.co/image/e0c1774d0cea9d3f5761877e54b6156d48a8e398"},{"url":"https://i.scdn.co/image/a86102b9d497c93537c718a4a532dad346a6ff98"},{"url":"https://i.scdn.co/image/f244af855d54ed944974c5bd2d0a862c6829efb9"},{"url":"https://i.scdn.co/image/05c542421f2f9808db5bc99a11fd77e003fc65aa"},{"url":"https://i.scdn.co/image/107a89788f447c3226e85ebf0d7c5c3c81376815"},{"url":"https://i.scdn.co/image/3683f493284ca2617dd12a3f1ae49d85a78dd9e9"},{"url":"https://i.scdn.co/image/d15d59eae2bfd366f4e5c711c9dce071b910eddf"},{"url":"https://i.scdn.co/image/a86102b9d497c93537c718a4a532dad346a6ff98"},{"url":"https://i.scdn.co/image/8f38421a8468c17f5fccb0373ab9a3c71e35ef4a"},{"url":"https://i.scdn.co/image/f04ac194028a6cc4109f98f30ff124cfda9cf33e"},{"url":"https://i.scdn.co/image/523f5a2c5d2fc74a5d0b38f615405d870df35b12"},{"url":"https://i.scdn.co/image/fef855276d708f81597545359d1697c538dd4a05"},{"url":"https://i.scdn.co/image/f244af855d54ed944974c5bd2d0a862c6829efb9"},{"url":"https://i.scdn.co/image/a86102b9d497c93537c718a4a532dad346a6ff98"},{"url":"https://i.scdn.co/image/ce24021c00c42b3262ded39e5a050d19993f1336"},{"url":"https://i.scdn.co/image/55791275a590144e21e90410719c659b2fbef0ca"},{"url":"https://i.scdn.co/image/4749342250969ad8fbb455556fe9597a7952a294"},{"url":"https://i.scdn.co/image/508e6eaeb5a3b7f9ecbeb20925e21ebfaed145a1"},{"url":"https://i.scdn.co/image/1b373d6d41807abd5d1a97355244d33e58999588"},{"url":"https://i.scdn.co/image/042e43d22fbc004e43e65551a83d3f8772801c1b"},{"url":"https://i.scdn.co/image/107a89788f447c3226e85ebf0d7c5c3c81376815"},{"url":"https://i.scdn.co/image/7a876d1e56513d6a60c8b561348fb9dd20f1f7af"},{"url":"https://i.scdn.co/image/956c651238259ff5b480d30908fc778f4c5ed859"},{"url":"https://i.scdn.co/image/9954c96d21486da541793eca1d7a338b45509f8c"},{"url":"https://i.scdn.co/image/8f38421a8468c17f5fccb0373ab9a3c71e35ef4a"},{"url":"https://i.scdn.co/image/2d0150f1d42db323cffce381115aec799a9b8b2d"},{"url":"https://i.scdn.co/image/8f38421a8468c17f5fccb0373ab9a3c71e35ef4a"},{"url":"https://i.scdn.co/image/8f38421a8468c17f5fccb0373ab9a3c71e35ef4a"},{"url":"https://i.scdn.co/image/c05a6f8c18e8f77f881c07c236f60bb81306f89d"},{"url":"https://i.scdn.co/image/aa9519aeba62c5513d2b2fb24190cb9ba98437a1"},{"url":"https://i.scdn.co/image/35e712f426456bf5a765feb30fd64432ddb01d60"},{"url":"https://i.scdn.co/image/8f38421a8468c17f5fccb0373ab9a3c71e35ef4a"},{"url":"https://i.scdn.co/image/e7367c0cde2558ba49d2a99694bf9752b0439ad4"},{"url":"https://i.scdn.co/image/b6961f030e925471459570ca709f96b74c8e3fd6"},{"url":"https://i.scdn.co/image/5820e383d222f704ce285bc5ddc5cf79e3747212"},{"url":"https://i.scdn.co/image/f3c372a50228d0d74cf9ec09eabfddecdf7da63a"},{"url":"https://i.scdn.co/image/f38e3fb297bbda25c963ac7310c268c39f86ce8e"},{"url":"https://i.scdn.co/image/44f537e731c8fcd8f1dac67b1042437ea0ec6289"},{"url":"https://i.scdn.co/image/35e712f426456bf5a765feb30fd64432ddb01d60"},{"url":"https://i.scdn.co/image/85afc3be85e2a07cc3f1615d16829e3475698b18"},{"url":"https://i.scdn.co/image/a1d11ea7686f1d0a31c223abb86da10bbfb8365a"},{"url":"https://i.scdn.co/image/e0c1774d0cea9d3f5761877e54b6156d48a8e398"},{"url":"https://i.scdn.co/image/e8862e61bc38f868f52bd83c5934b5d41e48500b"},{"url":"https://i.scdn.co/image/c9f894d676db96cae843252452bd5eb77562ce55"},{"url":"https://i.scdn.co/image/4d5883687a23b4b2b4a4c6ea940c84f11fb7fdee"},{"url":"https://i.scdn.co/image/8d99b9069f66e5361f1094cc473be2b6495ce7e6"},{"url":"https://i.scdn.co/image/a1d11ea7686f1d0a31c223abb86da10bbfb8365a"},{"url":"https://i.scdn.co/image/6d9cfea1a4169f0435f2db7d4d346838cc90762e"},{"url":"https://i.scdn.co/image/4d5883687a23b4b2b4a4c6ea940c84f11fb7fdee"},{"url":"https://i.scdn.co/image/657d2457db087b30a99e6f4cd1f335d5de8762bf"},{"url":"https://i.scdn.co/image/4d5883687a23b4b2b4a4c6ea940c84f11fb7fdee"},{"url":"https://i.scdn.co/image/4d5883687a23b4b2b4a4c6ea940c84f11fb7fdee"},{"url":"https://i.scdn.co/image/97d2a01a910284c624f78291dafa23a308f0c723"},{"url":"https://i.scdn.co/image/4d5883687a23b4b2b4a4c6ea940c84f11fb7fdee"},{"url":"https://i.scdn.co/image/4d5883687a23b4b2b4a4c6ea940c84f11fb7fdee"},{"url":"https://i.scdn.co/image/3d5102d06032eb59b01d0275db7252d86031adac"},{"url":"https://i.scdn.co/image/a38a42e2b545a92356425e99e6b9e341a8658b1a"},{"url":"https://i.scdn.co/image/4d5883687a23b4b2b4a4c6ea940c84f11fb7fdee"},{"url":"https://i.scdn.co/image/4d5883687a23b4b2b4a4c6ea940c84f11fb7fdee"},{"url":"https://i.scdn.co/image/4d5883687a23b4b2b4a4c6ea940c84f11fb7fdee"},{"url":"https://i.scdn.co/image/1f6a186791db54f84d4051006d7081488e7dd33f"},{"url":"https://i.scdn.co/image/55823eb40a5a6293320d1a9411306254c5e1c90e"},{"url":"https://i.scdn.co/image/97f6161ae4533de136e1c76a7a1dd02445d03973"},{"url":"https://i.scdn.co/image/9cd024bf875a35a46650ff33cc225e4fa14234f9"},{"url":"https://i.scdn.co/image/55823eb40a5a6293320d1a9411306254c5e1c90e"},{"url":"https://i.scdn.co/image/55823eb40a5a6293320d1a9411306254c5e1c90e"},{"url":"https://i.scdn.co/image/15fdd928e0fb8ab38031267206c69cfcee68b7a8"},{"url":"https://i.scdn.co/image/69cf81cfc319d665ddc720d723477c354da5329f"},{"url":"https://i.scdn.co/image/1e619734eca7fb9c05668707bdbd8a682744c445"},{"url":"https://i.scdn.co/image/55823eb40a5a6293320d1a9411306254c5e1c90e"},{"url":"https://i.scdn.co/image/bd5872b755a1ee23f1512cb717d5c3cf7bdbe81a"},{"url":"https://i.scdn.co/image/55823eb40a5a6293320d1a9411306254c5e1c90e"},{"url":"https://i.scdn.co/image/9577f06d1145eecf1c77e704e14cbf9f3b41bbc6"},{"url":"https://i.scdn.co/image/9a1d78b9d6d0bba2be9caac6070d7528453b4b6d"},{"url":"https://i.scdn.co/image/55823eb40a5a6293320d1a9411306254c5e1c90e"},{"url":"https://i.scdn.co/image/1f5a91a2b0f61bd75e9246f7c407873568ed06a2"},{"url":"https://i.scdn.co/image/39cb05d373ddb356dd8f5357810ab35fdec9f6e1"},{"url":"https://i.scdn.co/image/f022f964ada6c9956208fa4855fad2cd4f7150d1"},{"url":"https://i.scdn.co/image/f022f964ada6c9956208fa4855fad2cd4f7150d1"},{"url":"https://i.scdn.co/image/87bb2563d30f26a2ed7ed741584451c132375066"},{"url":"https://i.scdn.co/image/3401a6eb0ca3c13af98c1947295a2deefcd5a056"},{"url":"https://i.scdn.co/image/2195c892654a2f5778eb8c3719ff0523f237e185"},{"url":"https://i.scdn.co/image/3401a6eb0ca3c13af98c1947295a2deefcd5a056"},{"url":"https://i.scdn.co/image/b2c1e92d959f4fc72cd386708bf238edd8aa6fa6"},{"url":"https://i.scdn.co/image/f022f964ada6c9956208fa4855fad2cd4f7150d1"},{"url":"https://i.scdn.co/image/f022f964ada6c9956208fa4855fad2cd4f7150d1"},{"url":"https://i.scdn.co/image/f022f964ada6c9956208fa4855fad2cd4f7150d1"},{"url":"https://i.scdn.co/image/882fdc5c74b82e6890202c98b07139d0b62fefcf"},{"url":"https://i.scdn.co/image/2ee9195ad4ba4fa83f1af30ae367405091dfc8b9"},{"url":"https://i.scdn.co/image/f022f964ada6c9956208fa4855fad2cd4f7150d1"},{"url":"https://i.scdn.co/image/e2e2cfcda75efbbeab4dce8a6bc3e3b6e0464cf6"},{"url":"https://i.scdn.co/image/f022f964ada6c9956208fa4855fad2cd4f7150d1"},{"url":"https://i.scdn.co/image/3401a6eb0ca3c13af98c1947295a2deefcd5a056"},{"url":"https://i.scdn.co/image/f022f964ada6c9956208fa4855fad2cd4f7150d1"},{"url":"https://i.scdn.co/image/f022f964ada6c9956208fa4855fad2cd4f7150d1"},{"url":"https://i.scdn.co/image/640baafb85e0cff376e1a08d7021ce0cfd95d4d9"},{"url":"https://i.scdn.co/image/f022f964ada6c9956208fa4855fad2cd4f7150d1"},{"url":"https://i.scdn.co/image/f022f964ada6c9956208fa4855fad2cd4f7150d1"},{"url":"https://i.scdn.co/image/3b73d0dde483c7b8cf0120c05577414b1f0e3e1f"},{"url":"https://i.scdn.co/image/f022f964ada6c9956208fa4855fad2cd4f7150d1"},{"url":"https://i.scdn.co/image/4fcb08978b0c8d51e7fcb464c8e0b33d605c0fdd"},{"url":"https://i.scdn.co/image/948c0ead3b5b6cd47f0f6eb4dbca075efac0d392"},{"url":"https://i.scdn.co/image/6f99ad07ebbfdc7667c6c18567349179c7200d76"},{"url":"https://i.scdn.co/image/ec9ae3373c0d9f0eb847e7306ea1b9e77eaef594"},{"url":"https://i.scdn.co/image/6f99ad07ebbfdc7667c6c18567349179c7200d76"},{"url":"https://i.scdn.co/image/6f99ad07ebbfdc7667c6c18567349179c7200d76"},{"url":"https://i.scdn.co/image/d50dab8e3338d47ddc84195a0779b6b80704f8c5"},{"url":"https://i.scdn.co/image/2d30383f8061087e0377a8fd737e81f915057736"},{"url":"https://i.scdn.co/image/3480de7a056d9b2dc425666d7f935bfc77e65b66"},{"url":"https://i.scdn.co/image/2d30383f8061087e0377a8fd737e81f915057736"},{"url":"https://i.scdn.co/image/6f99ad07ebbfdc7667c6c18567349179c7200d76"},{"url":"https://i.scdn.co/image/439cd356f728e92969aa3828086f2eb2e1eac943"},{"url":"https://i.scdn.co/image/20b65032e9a629c1d1f18186fa9838c0a2cd3554"},{"url":"https://i.scdn.co/image/6f99ad07ebbfdc7667c6c18567349179c7200d76"},{"url":"https://i.scdn.co/image/6f99ad07ebbfdc7667c6c18567349179c7200d76"},{"url":"https://i.scdn.co/image/6f99ad07ebbfdc7667c6c18567349179c7200d76"},{"url":"https://i.scdn.co/image/efb471e84650dd43adbb51fad9108406bb6db02b"},{"url":"https://i.scdn.co/image/51c436358c8d1484e8708ea6cbc167165950cabc"},{"url":"https://i.scdn.co/image/efb471e84650dd43adbb51fad9108406bb6db02b"},{"url":"https://i.scdn.co/image/0b39ecae5c03317c931740f36cc3a8846ea3a5e1"},{"url":"https://i.scdn.co/image/6f99ad07ebbfdc7667c6c18567349179c7200d76"},{"url":"https://i.scdn.co/image/efb471e84650dd43adbb51fad9108406bb6db02b"},{"url":"https://i.scdn.co/image/d4c9257898d5071917772a7f394ee0e647a436ea"},{"url":"https://i.scdn.co/image/6f99ad07ebbfdc7667c6c18567349179c7200d76"},{"url":"https://i.scdn.co/image/efb471e84650dd43adbb51fad9108406bb6db02b"},{"url":"https://i.scdn.co/image/8d99b9069f66e5361f1094cc473be2b6495ce7e6"},{"url":"https://i.scdn.co/image/6f99ad07ebbfdc7667c6c18567349179c7200d76"},{"url":"https://i.scdn.co/image/518bbac98f1967daeee2c5ecb9f957f4fd415dbc"},{"url":"https://i.scdn.co/image/abb3bc8412c67d8d303cbd49a6c4031b0a43e9f2"},{"url":"https://i.scdn.co/image/22692a034870c105fc45278228cd79898332b170"},{"url":"https://i.scdn.co/image/518bbac98f1967daeee2c5ecb9f957f4fd415dbc"},{"url":"https://i.scdn.co/image/5999f26ecb81948babf8a9e5b9a905ff10622945"},{"url":"https://i.scdn.co/image/518bbac98f1967daeee2c5ecb9f957f4fd415dbc"},{"url":"https://i.scdn.co/image/8bc57dccec0e3b1114fe99416b8115cb9858c203"},{"url":"https://i.scdn.co/image/780b4e57ca44e8b5c9a7baf4347e4f6524ca817e"},{"url":"https://i.scdn.co/image/518bbac98f1967daeee2c5ecb9f957f4fd415dbc"},{"url":"https://i.scdn.co/image/2eb89218ab812053daba817f653686806abf609d"},{"url":"https://i.scdn.co/image/518bbac98f1967daeee2c5ecb9f957f4fd415dbc"},{"url":"https://i.scdn.co/image/6b311ec6e3d6999a14e7d1ea8841d00226c292c6"},{"url":"https://i.scdn.co/image/889fe8c712ff80728385e06ef58137e449f9cefb"},{"url":"https://i.scdn.co/image/518bbac98f1967daeee2c5ecb9f957f4fd415dbc"},{"url":"https://i.scdn.co/image/518bbac98f1967daeee2c5ecb9f957f4fd415dbc"},{"url":"https://i.scdn.co/image/518bbac98f1967daeee2c5ecb9f957f4fd415dbc"},{"url":"https://i.scdn.co/image/518bbac98f1967daeee2c5ecb9f957f4fd415dbc"},{"url":"https://i.scdn.co/image/518bbac98f1967daeee2c5ecb9f957f4fd415dbc"},{"url":"https://i.scdn.co/image/518bbac98f1967daeee2c5ecb9f957f4fd415dbc"},{"url":"https://i.scdn.co/image/518bbac98f1967daeee2c5ecb9f957f4fd415dbc"},{"url":"https://i.scdn.co/image/b2c1e92d959f4fc72cd386708bf238edd8aa6fa6"},{"url":"https://i.scdn.co/image/518bbac98f1967daeee2c5ecb9f957f4fd415dbc"},{"url":"https://i.scdn.co/image/37ea6fe24e06668904f6e1d383c8d461dcde70b0"},{"url":"https://i.scdn.co/image/b6b85207792af5cf018c7bb1e8bf82efba5c8675"},{"url":"https://i.scdn.co/image/c4d1617d666f928a05eade9a660a97755f2a4b8d"},{"url":"https://i.scdn.co/image/28d7ec1b245c677441076aca7a450e00c1f970fa"},{"url":"https://i.scdn.co/image/abb3bc8412c67d8d303cbd49a6c4031b0a43e9f2"},{"url":"https://i.scdn.co/image/51099fe857fc418e326faeb4b1966e17732f7962"},{"url":"https://i.scdn.co/image/96c1f575bedeb1912ce2bd6f626802678f7f0f23"},{"url":"https://i.scdn.co/image/2947055b5bbfdf1fc06c7253f65a55bd428a0cba"},{"url":"https://i.scdn.co/image/db4841b9961a0aaa5df39d1373e14ebb926a5983"},{"url":"https://i.scdn.co/image/67cb37e038af82e232fcb67ee35260e56111d397"},{"url":"https://i.scdn.co/image/b2c1e92d959f4fc72cd386708bf238edd8aa6fa6"},{"url":"https://i.scdn.co/image/db4841b9961a0aaa5df39d1373e14ebb926a5983"},{"url":"https://i.scdn.co/image/ba961e35a786fcb8203334925b822ba0450a7f6b"},{"url":"https://i.scdn.co/image/b4e78b43d7fd35015e84b37128ceab6ec54b38dc"},{"url":"https://i.scdn.co/image/7ec62f5e56dfdf8f112addd40d96245ca87c61f5"},{"url":"https://i.scdn.co/image/9e87c485e3a83924164022a0b4e93540063b7d52"},{"url":"https://i.scdn.co/image/6e9d2dfd29b9e0876e37b97c8b2ce8dfbf4b52c9"}]