[{"id":"343YBumqHu19cGoGARUTsd","name":"Fake Love","artist":"Drake"},{"id":"4Km5HrUvYTaSUfiSGPJeQR","name":"Bad and Boujee (feat. Lil Uzi Vert)","artist":"Migos"},{"id":"5aAx2yezTd8zXrkmtKl66Z","name":"Starboy","artist":"The Weeknd"},{"id":"6fujklziTHa8uoM5OQSfIo","name":"Black Beatles","artist":"Rae Sremmurd"},{"id":"7BKLCZ1jbUBVqRi2FVlTVw","name":"Closer","artist":"The Chainsmokers"},{"id":"5hTpBe8h35rJ67eAWHQsJx","name":"Caroline","artist":"Aminé"},{"id":"1PSBzsahR2AKwLJgx8ehBj","name":"Bad Things (with Camila Cabello)","artist":"Machine Gun Kelly"},{"id":"3NdDpSvN911VPGivFlV5d0","name":"I Don’t Wanna Live Forever (Fifty Shades Darker) - From \"Fifty Shades Darker (Original Motion Picture Soundtrack)\"","artist":"ZAYN"},{"id":"6I6NX6tjGsxFAsIfGzY9lJ","name":"Deja Vu","artist":"J. Cole"},{"id":"7yyRTcZmCiyzzJlNzGC9Ol","name":"Broccoli (feat. Lil Yachty)","artist":"DRAM"},{"id":"0SGkqnVQo9KPytSri1H6cF","name":"Bounce Back","artist":"Big Sean"},{"id":"5GXAXm5YOmYT0kL5jHvYBt","name":"I Feel It Coming","artist":"The Weeknd"},{"id":"6b8Be6ljOzmkOmFslEb23P","name":"24K Magic","artist":"Bruno Mars"},{"id":"5MFzQMkrl1FOOng9tq6R9r","name":"Don't Wanna Know","artist":"Maroon 5"},{"id":"5uDASfU19gDxSjW8cnCaBp","name":"Chill Bill","artist":"Rob $tone"},{"id":"4F7A0DXBrmUAkp32uenhZt","name":"Party Monster","artist":"The Weeknd"},{"id":"4pdPtRcBmOSQDlJ3Fk945m","name":"Let Me Love You","artist":"DJ Snake"},{"id":"6fwdbPMwP1zVStm8FybmkO","name":"X (feat. Future)","artist":"21 Savage"},{"id":"4gmmRb6bZJffOOiww1JGTO","name":"No Heart","artist":"21 Savage"},{"id":"1xznGGDReH1oQq0xzbwXa3","name":"One Dance","artist":"Drake"},{"id":"1qOLh0tI7trd1zdDKxYZTe","name":"Starving","artist":"Hailee Steinfeld"},{"id":"04DwTuZ2VBdJCCC5TROn7L","name":"In the Name of Love","artist":"Martin Garrix"},{"id":"4pLwZjInHj3SimIyN9SnOz","name":"Side To Side","artist":"Ariana Grande"},{"id":"5uCax9HTNlzGybIStD3vDh","name":"Say You Won't Let Go","artist":"James Arthur"},{"id":"4ckuS4Nj4FZ7i3Def3Br8W","name":"Sneakin’","artist":"Drake"},{"id":"6i0V12jOa3mr6uu4WYhUBr","name":"Heathens","artist":"Twenty One Pilots"},{"id":"0utlOiJy2weVl9WTkcEWHy","name":"Neighbors","artist":"J. Cole"},{"id":"1cImYkHOQMFE7AZC9aOk4y","name":"Jingle Bell Rock","artist":"Bobby Helms"},{"id":"7JYsArznYOjX2jsrT3UEnL","name":"OOOUUU","artist":"Young M.A"},{"id":"0bYg9bo50gSsH3LtXe2SQn","name":"All I Want for Christmas Is You","artist":"Mariah Carey"},{"id":"6AGON2BGdPmPMJGiiNuuwl","name":"Immortal","artist":"J. Cole"},{"id":"2rizacJSyD9S1IQUxUxnsK","name":"All We Know","artist":"The Chainsmokers"},{"id":"0prNGof3XqfTvNDxHonvdK","name":"Scars To Your Beautiful","artist":"Alessia Cara"},{"id":"4mU5iXHeLgbR94siF7p1sY","name":"Six Feet Under","artist":"The Weeknd"},{"id":"2ANLarE8yHVsLWW21nj79M","name":"You Was Right","artist":"Lil Uzi Vert"},{"id":"3EmmCZoqpWOTY1g2GBwJoR","name":"Just Hold On","artist":"Steve Aoki"},{"id":"6bLopGnirdrilrpdVB6Um1","name":"The Greatest","artist":"Sia"},{"id":"78rIJddV4X0HkNAInEcYde","name":"Call On Me - Ryan Riback Extended Remix","artist":"Starley"},{"id":"3T7dNA7O8c3Axj5WyDNcH3","name":"Rockin' Around The Christmas Tree - Single Version","artist":"Brenda Lee"},{"id":"6nxQdXa1uAL0rY72wPZu89","name":"Love Me Now","artist":"John Legend"},{"id":"5hYTyyh2odQKphUbMqc5gN","name":"How Far I'll Go - From \"Moana\"","artist":"Alessia Cara"},{"id":"0v9Wz8o0BT8DU38R4ddjeH","name":"No Problem (feat. Lil Wayne & 2 Chainz)","artist":"Chance The Rapper"},{"id":"4h90qkbnW1Qq6pBhoPvwko","name":"Sidewalks","artist":"The Weeknd"},{"id":"2EEeOnHehOozLq4aS0n6SL","name":"iSpy (feat. Lil Yachty)","artist":"KYLE"},{"id":"4TZy1wLyHec06pwgFYDh1a","name":"Mercy","artist":"Shawn Mendes"},{"id":"11KJSRSgaDxqydKYiD2Jew","name":"Too Good","artist":"Drake"},{"id":"6F609ICg9Spjrw1epsAnpa","name":"Controlla","artist":"Drake"},{"id":"3kxfsdsCpFgN412fpnW85Y","name":"Redbone","artist":"Childish Gambino"},{"id":"6mapJIPnQ23RTAevUoE0DL","name":"Swang","artist":"Rae Sremmurd"},{"id":"1Tt4sE4pXi57mTD1GCzsqm","name":"Needed Me","artist":"Rihanna"},{"id":"6DNtNfH8hXkqOX1sjqmI7p","name":"Cold Water (feat. Justin Bieber & MØ)","artist":"Major Lazer"},{"id":"20dP2DaMHIAmwWAbp7peSr","name":"pick up the phone","artist":"Young Thug"},{"id":"37F0uwRSrdzkBiuj0D5UHI","name":"Reminder","artist":"The Weeknd"},{"id":"5knuzwU65gJK7IF5yJsuaW","name":"Rockabye (feat. Sean Paul & Anne-Marie)","artist":"Clean Bandit"},{"id":"78sr3ogs4UzITcCNbXM9cM","name":"Used to This","artist":"Future"},{"id":"4so0Wek9Ig1p6CRCHuINwW","name":"White Christmas","artist":"Bing Crosby"},{"id":"65Q2mv3UlVi9eO70OpsmSe","name":"A Holly Jolly Christmas - Single Version","artist":"Burl Ives"},{"id":"08WPvDEsHvTFuB9w8tC2OS","name":"Now and Later","artist":"Sage The Gemini"},{"id":"0QsvXIfqM0zZoerQfsI9lm","name":"Don't Let Me Down","artist":"The Chainsmokers"},{"id":"1lItf5ZXJc1by9SbPeljFd","name":"Juju On That Beat (TZ Anthem)","artist":"Zay Hilfigerrr"},{"id":"5OOkp4U9P9oL23maHFHL1h","name":"Panda","artist":"Desiigner"},{"id":"4dASQiO1Eoo3RJvt74FtXB","name":"Sucker For Pain (with Wiz Khalifa, Imagine Dragons, Logic & Ty Dolla $ign feat. X Ambassadors)","artist":"Lil Wayne"},{"id":"7EiZI6JVHllARrX9PUvAdX","name":"Low Life","artist":"Future"},{"id":"5humEOJehpAwMJEJmb0JJ2","name":"The Christmas Song (Merry Christmas To You)","artist":"Nat King Cole"},{"id":"62vpWI1CHwFy7tMIcSStl8","name":"No Role Modelz","artist":"J. Cole"},{"id":"3pjUyVbFmM96tYhSaKJwTt","name":"Change","artist":"J. Cole"},{"id":"2Z8WuEywRWYTKe1NybPQEW","name":"Ride","artist":"Twenty One Pilots"},{"id":"1CnPYaKxTVb4LWOtiGOm0m","name":"All Time Low","artist":"Jon Bellion"},{"id":"1Bqxj0aH5KewYHKUg1IdrF","name":"Some Kind Of Drug","artist":"G-Eazy"},{"id":"5hslUAKq9I9CG2bAulFkHN","name":"It's the Most Wonderful Time of the Year","artist":"Andy Williams"},{"id":"0BU7nIcCZxYSE0hYcc5oZz","name":"Too Many Years","artist":"Kodak Black"},{"id":"4Hf7WnR761jpxPr5D46Bcd","name":"Treat You Better","artist":"Shawn Mendes"},{"id":"3QiAAp20rPC3dcAtKtMaqQ","name":"Blue Christmas","artist":"Elvis Presley"},{"id":"2LBqCSwhJGcFQeTHMVGwy3","name":"Die For You","artist":"The Weeknd"},{"id":"0B8QzDH7YWih85V5SEMnyJ","name":"Money Longer","artist":"Lil Uzi Vert"},{"id":"2aksifNn5ph8igDOkPBA02","name":"Love On The Brain","artist":"Rihanna"},{"id":"27GmP9AWRs744SzKcpJsTZ","name":"Jumpman","artist":"Drake"},{"id":"4b4KcovePX8Ke2cLIQTLM0","name":"All Night","artist":"The Vamps"},{"id":"7vRriwrloYVaoAe3a9wJHe","name":"i hate u, i love u (feat. olivia o'brien)","artist":"gnash"},{"id":"4uhvMW7ly7tJil31YYscAN","name":"Erase Your Social","artist":"Lil Uzi Vert"},{"id":"40yJGQyEaBbIkXpwMFkXip","name":"One Night","artist":"Lil Yachty"},{"id":"5uQOauh47VFt3B2kV9kRXw","name":"My Shit","artist":"A Boogie Wit da Hoodie"},{"id":"2BrzlUj1u1CtvaJDGIKpsP","name":"Make Me (Cry)","artist":"Noah Cyrus"},{"id":"2pnPe4pJtq7689i5ydzvJJ","name":"Run Rudolph Run - Single Version","artist":"Chuck Berry"},{"id":"3pXF1nA74528Edde4of9CC","name":"Don't","artist":"Bryson Tiller"},{"id":"6eT7xZZlB2mwyzJ2sUKG6w","name":"White Iverson","artist":"Post Malone"},{"id":"2xbI8Vmyv3TkpTdywpPyNw","name":"Selfish","artist":"PnB Rock"},{"id":"3E2Zh20GDCR9B1EYjfXWyv","name":"Weak","artist":"AJR"},{"id":"43PuMrRfbyyuz4QpZ3oAwN","name":"Exchange","artist":"Bryson Tiller"},{"id":"7inXu0Eaeg02VsM8kHNvzM","name":"Let It Snow! Let It Snow! Let It Snow!","artist":"Frank Sinatra"},{"id":"0hNduWmlWmEmuwEFcYvRu1","name":"Sunset Lover","artist":"Petit Biscuit"},{"id":"0HtOJj7Kl74s1Ngf3MWeif","name":"She's Mine Pt. 1","artist":"J. Cole"},{"id":"7aV2mflaASUmGhCErm7kBO","name":"The Mack","artist":"Nevada"},{"id":"6HEIBHUirx1J0JkUD24szt","name":"Water","artist":"Ugly God"},{"id":"2wDjpPW3HZdA9quPPmZAMu","name":"Trust Nobody (feat. Selena Gomez & Tory Lanez)","artist":"Cashmere Cat"},{"id":"6gBFPUFcJLzWGx4lenP6h2","name":"goosebumps","artist":"Travis Scott"},{"id":"1wZqJM5FGDEl3FjHDxDyQd","name":"Come and See Me (feat. Drake)","artist":"PARTYNEXTDOOR"},{"id":"34oWbFBfGEElvgO0a5c9V4","name":"No Flockin","artist":"Kodak Black"},{"id":"0B8B8cVRFIG1yznoQe7c9s","name":"Setting Fires","artist":"The Chainsmokers"},{"id":"3a1lNhkSLSkpJE4MSHpDu9","name":"Congratulations","artist":"Post Malone"},{"id":"550rQQCGkrTzvp4SfpOPzx","name":"Hallelujah","artist":"Pentatonix"},{"id":"0Fv5N0cHBsl4bzCbollCAS","name":"Moves","artist":"Big Sean"},{"id":"2FRnf9qhLbvw8fu4IBXx78","name":"Last Christmas","artist":"Wham!"},{"id":"3MWlVSkoLS1e66nlZ2tuWJ","name":"For Whom The Bell Tolls","artist":"J. Cole"},{"id":"2z3joGXrdGL2iEjIKQTiN1","name":"Ville Mentality","artist":"J. Cole"},{"id":"0H8XeaJunhvpBdBFIYi6Sh","name":"Deja Vu","artist":"Post Malone"},{"id":"3CRDbSIZ4r5MsZ0YwxuEkn","name":"Stressed Out","artist":"Twenty One Pilots"},{"id":"4vb4mFvYsr2h6enhjJsq9Y","name":"Water Under the Bridge","artist":"Adele"},{"id":"1vvnYpYEMVB4aq9I6tHIEB","name":"4 Your Eyez Only","artist":"J. Cole"},{"id":"0lLdorYw7lVrJydTINhWdI","name":"It's Beginning To Look A Lot Like Christmas","artist":"Michael Bublé"},{"id":"14WWzenpaEgQZlqPq2nk4v","name":"Work","artist":"Rihanna"},{"id":"6i759FCuKx713ZnYjtpQGU","name":"True Colors","artist":"The Weeknd"},{"id":"3DX4Y0egvc0slLcLl31h2p","name":"Secrets","artist":"The Weeknd"},{"id":"5wQRNkb7OhzJoT1P0OZ4Rw","name":"All Time Low","artist":"Jon Bellion"},{"id":"36xxq7VDZZsGwARsn6Clo7","name":"Living Single","artist":"Big Sean"},{"id":"2HzfRSfCogBSsgW2CckVA2","name":"Lot to Learn","artist":"Luke Christopher"},{"id":"0KKkJNfGyhkQ5aFogxQAPU","name":"That's What I Like","artist":"Bruno Mars"},{"id":"7zTx8ePYAmPFQuxP3xlXZn","name":"Light","artist":"San Holo"},{"id":"40UroIGvsMPLPBYwH8rMNA","name":"Steady 1234 (feat. Jasmine Thompson & Skizzy Mars)","artist":"Vice"},{"id":"5J5PXmMdQ2nh1lZOal8KmK","name":"Litty (feat. Tory Lanez)","artist":"Meek Mill"},{"id":"4tCtwWceOPWzenK2HAIJSb","name":"Work from Home","artist":"Fifth Harmony"},{"id":"77IAeEz8LEchPN8UNjaTJ2","name":"Foldin Clothes","artist":"J. Cole"},{"id":"40YcuQysJ0KlGQTeGUosTC","name":"Me, Myself & I","artist":"G-Eazy"},{"id":"36YCdzT57us0LhDmCYtrNE","name":"Rockin’","artist":"The Weeknd"},{"id":"4Q4jmPHwu0wrJvqrld0FQ6","name":"I Would Like","artist":"Zara Larsson"},{"id":"6JV2JOEocMgcZxYSZelKcc","name":"CAN'T STOP THE FEELING! (Original Song from DreamWorks Animation's \"TROLLS\")","artist":"Justin Timberlake"},{"id":"6JjEVlMkfHWMeYavkEYzNO","name":"Gassed Up","artist":"Nebu Kiniza"},{"id":"4KW1lqgSr8TKrvBII0Brf8","name":"Father Stretch My Hands Pt. 1","artist":"Kanye West"},{"id":"299lFlaAsNQdgbIZNPmIA0","name":"Christmas Time Is Here - Vocal","artist":"Vince Guaraldi Trio"},{"id":"6IeK3Ap5m3HabwJxgI6eSE","name":"It's Beginning to Look a Lot Like Christmas","artist":"Perry Como"},{"id":"4hXAK3mjFVFOOiJQ3rKAXi","name":"Rudolph The Red-Nosed Reindeer","artist":"Burl Ives"},{"id":"1WRy5l3TwrwlzNmB5bOeKw","name":"Pop Style","artist":"Drake"},{"id":"4tHqQMWSqmL6YjXwsqthDI","name":"Carol of the Bells","artist":"Mykola Dmytrovych Leontovych"},{"id":"7yHEDfrJNd0zWOfXwydNH0","name":"Into You","artist":"Ariana Grande"},{"id":"3y9cCbnBn0zjkJa2YkOj70","name":"Black Barbies","artist":"Nicki Minaj"},{"id":"25khomWgBVamSdKw7hzm3l","name":"The Hills","artist":"The Weeknd"},{"id":"17Fd6Yb7mSbinKG8LoWfFl","name":"I Took A Pill In Ibiza - Seeb Remix","artist":"Mike Posner"},{"id":"68EMU2RD1ECNeOeJ5qAXCV","name":"We Don't Talk Anymore (feat. Selena Gomez)","artist":"Charlie Puth"},{"id":"3pndPhlQWjuSoXhcIIdBjv","name":"What They Want","artist":"Russ"},{"id":"27SdWb2rFzO6GWiYDBTD9j","name":"Cheap Thrills","artist":"Sia"},{"id":"6WhzFzROw3aq3rPWjgYlxr","name":"Gold","artist":"Kiiara"},{"id":"0azC730Exh71aQlOt9Zj3y","name":"This Is What You Came For","artist":"Calvin Harris"},{"id":"04CttTezSnv71USiiG9mIo","name":"Lighthouse - Andrelli Remix","artist":"Hearts & Colors"},{"id":"5rmcjZTrE9JR1YrbNZDFNW","name":"She's Mine Pt. 2","artist":"J. Cole"},{"id":"0q5DrtpnnGpOvBy5nnPMbe","name":"Timeless (DJ SPINKING)","artist":"A Boogie Wit da Hoodie"},{"id":"1FUViuNSldssMIawrOXF2i","name":"I Got You","artist":"Bebe Rexha"},{"id":"5nA67Y0XX9JipZwYxX7Gl7","name":"This Town","artist":"Niall Horan"},{"id":"32lgtADX2cB9I4KFs1Y1py","name":"False Alarm","artist":"The Weeknd"},{"id":"0NWqNXBJTpXbkI5rPWNy3p","name":"All I Know","artist":"The Weeknd"},{"id":"5yuShbu70mtHXY0yLzCQLQ","name":"Go Flex","artist":"Post Malone"},{"id":"1D3ODoXHBLpdxolZRHWV1j","name":"By Your Side","artist":"Jonas Blue"},{"id":"6O6M7pJLABmfBRoGZMu76Y","name":"Roses","artist":"The Chainsmokers"},{"id":"6pDVjCUA3B1vg9waKutAsv","name":"Attention","artist":"The Weeknd"},{"id":"1cG0umU5TKStygKsPFZ9pY","name":"Shed a Light","artist":"Robin Schulz"},{"id":"433P7tDcIAi6NLnf4Sh6tI","name":"Still Here","artist":"Drake"},{"id":"4eqne0oIdt9GW2ubiliny0","name":"Have Yourself A Merry Little Christmas - \"Meet Me In St. Louis\" Original Cast Recording","artist":"Judy Garland"},{"id":"0F1Rc18rZcJOALxIIQPTYd","name":"in my miNd","artist":"Maty Noyes"},{"id":"3hB5DgAiMAQ4DzYbsMq1IT","name":"Love Yourself","artist":"Justin Bieber"},{"id":"19a3JfW8BQwqHWUMbcqSx8","name":"Famous","artist":"Kanye West"},{"id":"1ADjWm8QNhgNV8yCNNgQ1T","name":"Santa Tell Me","artist":"Ariana Grande"},{"id":"6mICuAdrwEjh6Y6lroV2Kg","name":"Chantaje","artist":"Shakira"},{"id":"32OWobmyAz8J2qA8iWekyS","name":"Mistletoe","artist":"Justin Bieber"},{"id":"0PJIbOdMs3bd5AT8liULMQ","name":"oui","artist":"Jeremih"},{"id":"12REd1n8PeiHHWOh066tpr","name":"Never Be Like You","artist":"Flume"},{"id":"1trZGMI2CGyVT44STkpCoN","name":"Let Me Explain","artist":"Bryson Tiller"},{"id":"69bp2EbF7Q2rqc5N3ylezZ","name":"Sorry","artist":"Justin Bieber"},{"id":"4QdovcM8j50QPlyR7tH4xe","name":"You & Me","artist":"Marc E. Bassy"},{"id":"05Z7jet4VDNVgNQWcYHnrk","name":"Party","artist":"Chris Brown"},{"id":"2FBUoWkIuQXwayw2RNo5l6","name":"Hotline Bling","artist":"Drake"},{"id":"1vvNmPOiUuyCbgWmtc6yfm","name":"My Way","artist":"Calvin Harris"},{"id":"3NJG6vMH1ZsectZkocMEm0","name":"Tiimmy Turner","artist":"Desiigner"},{"id":"042x9bsUBWW2fJgJ6fUh61","name":"Not Going Home","artist":"DVBBS"},{"id":"6WSBZroxQaO3FYEpT2ACFH","name":"Baptized In Fire","artist":"Kid Cudi"},{"id":"7129iqBafaphfc3WPCGC0L","name":"7 Years","artist":"Lukas Graham"},{"id":"5VEuraNSVxMTzDTtrmL3lQ","name":"Winter Wonderland","artist":"Bing Crosby"},{"id":"39pS70eeDvyCAF3t8NAlVV","name":"Good Drank","artist":"2 Chainz"},{"id":"0rHJxNaQRMGK6Y4TUx3xRO","name":"Castro","artist":"Yo Gotti"},{"id":"55OdqrG8WLmsYyY1jijD9b","name":"Wyclef Jean","artist":"Young Thug"},{"id":"2XMTqoHHSH0lvuXrvIEdco","name":"Capsize","artist":"FRENSHIP"},{"id":"4BHzQ9C00ceJxfG16AlNWb","name":"Send My Love (To Your New Lover)","artist":"Adele"},{"id":"34i4yxPrHWquuR4kjiivFO","name":"Somebody Else","artist":"VÉRITÉ"},{"id":"4IWGnyOHDrVZEtPWfs4s7q","name":"Do What I Want","artist":"Lil Uzi Vert"},{"id":"7lsYGc5H5DHktxO7gbB8bN","name":"Ordinary Life","artist":"The Weeknd"},{"id":"6ZOPiKQeibCn7fP8dncucL","name":"Blue Ain't Your Color","artist":"Keith Urban"},{"id":"10I3CmmwT0BkOVhduDy53o","name":"Really Really","artist":"Kevin Gates"},{"id":"6j0teRL3WdExzqmy334sh5","name":"Seven Million (feat. Future)","artist":"Lil Uzi Vert"},{"id":"6Ius4TC0L3cN74HT7ENE6e","name":"Wet Dreamz","artist":"J. Cole"},{"id":"5oyUurs28XRagLa8lgm6V3","name":"Too Much Sauce","artist":"DJ Esco"},{"id":"4z8sz6E4YyFuEkv5o7IJni","name":"Mary, Did You Know?","artist":"Pentatonix"},{"id":"6HUnnBwYZqcED1eQztxMBN","name":"Solo Dance","artist":"Martin Jensen"},{"id":"3NxAG2ni1lLa8RKL6a0INc","name":"Childs Play","artist":"Drake"},{"id":"1wIQtB3UQ1TfjNMZZqO6eh","name":"everybody dies","artist":"J. Cole"},{"id":"5ZWwLNhwmJXM7yKZJ5sxN1","name":"They Like","artist":"Yo Gotti"},{"id":"6mb6lVLNrcUgLnEN8QnDJd","name":"How Far I'll Go","artist":"Auli'i Cravalho"},{"id":"3Te3gG6MPEDNqLGzWrjKC3","name":"Nothing Without You","artist":"The Weeknd"},{"id":"2Ae5awwKvQpTBKQHr1TYCg","name":"Dynamite (feat. Pretty Sister)","artist":"Nause"},{"id":"0kN8xEmgMW9mh7UmDYHlJP","name":"Versace On The Floor","artist":"Bruno Mars"},{"id":"4scpF6J5uMBvoh6sFB7EL1","name":"No Type","artist":"Rae Sremmurd"},{"id":"7lGKEWMXVWWTt3X71Bv44I","name":"Unsteady","artist":"X Ambassadors"},{"id":"4UknpXoLjlB7Mao4UWcJ2o","name":"A Lonely Night","artist":"The Weeknd"},{"id":"5GFDrUTLGJix84sNhjCG0g","name":"Caroline","artist":"Aminé"},{"id":"43jBqV3j3Xi1g6wO0bhIMd","name":"Now and Later","artist":"Sage The Gemini"},{"id":"1yNyoWWWikbLhwIGWjZuDW","name":"All Night","artist":"The Vamps"},{"id":"3TRFq09DUgYj1mug6RRqJW","name":"Lot to Learn","artist":"Luke Christopher"},{"id":"0PDUDa38GO8lMxLCRc4lL1","name":"PILLOWTALK","artist":"ZAYN"},{"id":"5tFep7dXGd7vEJ668wTPux","name":"Both (feat. Drake)","artist":"Gucci Mane"},{"id":"2aFiaMXmWsM3Vj72F9ksBl","name":"Cake By The Ocean","artist":"DNCE"},{"id":"7zBPzAjKAqQpcv8F8GCq5s","name":"Uber Everywhere","artist":"MadeinTYO"},{"id":"4sQMalN597HdggTu196aL0","name":"Say It (feat. Tove Lo)","artist":"Flume"},{"id":"1OAiWI2oPmglaOiv9fdioU","name":"Hymn For The Weekend - Seeb Remix","artist":"Coldplay"},{"id":"7xHWNBFm6ObGEQPaUxHuKO","name":"The Greatest","artist":"Sia"},{"id":"1a5Yu5L18qNxVhXx38njON","name":"Hear Me Now","artist":"Alok"},{"id":"1sTUEdVO85YU8Ymk2jeAls","name":"Oh Lord","artist":"MiC LOWRY"},{"id":"16Ah4QqH4mgYVXqfC4mdSd","name":"LUV","artist":"Tory Lanez"},{"id":"0L7loeTIg6akW84aEQZpCT","name":"Light It Up (feat. Nyla & Fuse ODG) - Remix","artist":"Major Lazer"},{"id":"7bTwYGhBdSQ8vuXc76Xint","name":"Ophelia","artist":"The Lumineers"},{"id":"6Knv6wdA0luoMUuuoYi2i1","name":"My House","artist":"Flo Rida"},{"id":"4OZEu0Vwq0RB2LAq14v99n","name":"Middle","artist":"DJ Snake"},{"id":"1wHZx0LgzFHyeIZkUydNXq","name":"Antidote","artist":"Travis Scott"},{"id":"2s76aKBWKShlwPC4xTtEEE","name":"Wake Up Where You Are","artist":"State of Sound"},{"id":"6yr8GiTHWvFfi4o6Q5ebdT","name":"'Till I Collapse","artist":"Eminem"},{"id":"26hcyzSE154xMZCbFdtInA","name":"Taped Up Heart (feat. Clara Mae)","artist":"KREAM"},{"id":"5Z01UMMf7V1o0MzF86s6WJ","name":"Lose Yourself - Soundtrack Version","artist":"Eminem"},{"id":"152lZdxL1OR0ZMW6KquMif","name":"Location","artist":"Khalid"},{"id":"3eze1OsZ1rqeXkKStNfTmi","name":"Juke Jam (feat. Justin Bieber & Towkio)","artist":"Chance The Rapper"},{"id":"6t2ubAB4iSYOuIpRAOGd4t","name":"Cake","artist":"Flo Rida"},{"id":"13HVjjWUZFaWilh2QUJKsP","name":"Let It Go","artist":"James Bay"},{"id":"2KpCpk6HjXXLb7nnXoXA5O","name":"Ni**as In Paris","artist":"JAY Z"},{"id":"2IGr3q6ljcpLvHDFLtI0yW","name":"Look Alive","artist":"Rae Sremmurd"},{"id":"59e7E2LMPZ2bhW5G6aCwX8","name":"Crazy Brazy","artist":"A$AP Mob"},{"id":"7of1slAJIWrXxP8ikAHxje","name":"Miss You","artist":"James Hersey"},{"id":"4sPmO7WMQUAf45kwMOtONw","name":"Hello","artist":"Adele"},{"id":"0BCy325UZyR9z0t0uxwn2N","name":"H.O.L.Y.","artist":"Florida Georgia Line"},{"id":"7qiZfU4dY1lWllzX7mPBI3","name":"Shape of You","artist":"Ed Sheeran"},{"id":"6PCUP3dWmTjcTtXY02oFdT","name":"Castle on the Hill","artist":"Ed Sheeran"},{"id":"6fxVffaTuwjgEk5h9QyRjy","name":"Photograph","artist":"Ed Sheeran"},{"id":"0Zx8khUcEfCFK2AEoIhC92","name":"Don't Leave","artist":"Snakehips"},{"id":"1Slwb6dOYkBlWal1PGtnNg","name":"Thinking Out Loud","artist":"Ed Sheeran"},{"id":"1PouCui4RgDYcrQVAqdYuf","name":"Drinkin' Too Much","artist":"Sam Hunt"},{"id":"2Cth0v1xri32oZ799rL3rl","name":"Feel Me","artist":"Tyga"},{"id":"6cAKeFFYW2aClZSUyvqAEW","name":"It's Gotta Be You","artist":"Isaiah"},{"id":"0WCEaydwN65cvwaW8aqptF","name":"History","artist":"Olivia Holt"},{"id":"1VdZ0vKfR5jneCmWIUAMxK","name":"The A Team","artist":"Ed Sheeran"},{"id":"6canmpFnLHVUzvVWAodifz","name":"There He Go","artist":"Kodak Black"},{"id":"4qdgv45EPcQqpQ08tF34f8","name":"Skateboard P","artist":"MadeinTYO"},{"id":"0ESJlaM8CE1jRWaNtwSNj8","name":"beibs in the trap","artist":"Travis Scott"},{"id":"6GG2tkV9PRYGN5rniXPFXZ","name":"Cash Machine","artist":"DRAM"},{"id":"6sDQ4uiWw9OdVrCXFLSlZt","name":"Rap God","artist":"Eminem"},{"id":"1BECwm5qkaBwlbfo4kpYx8","name":"Death Of A Bachelor","artist":"Panic! At The Disco"},{"id":"72jbDTw1piOOj770jWNeaG","name":"Paris","artist":"The Chainsmokers"},{"id":"7KOlJ92bu51cltsD9KU5I7","name":"T-Shirt","artist":"Migos"},{"id":"6A8dnC0xkiuWN4BshmTB2I","name":"Oceans Away","artist":"A R I Z O N A"},{"id":"0jOfl1nZf6sVBTG08Q4brn","name":"Call Casting","artist":"Migos"},{"id":"1lntL1cI2UIWlxjL5QiN8g","name":"The Other","artist":"Lauv"},{"id":"3SGWp9fJCzgK0WcpcKSQdy","name":"Romantic - NOTD Remix","artist":"Stanaj"},{"id":"1uoL9GX45dTnmrWQ7Ii1Ft","name":"Not Afraid Anymore","artist":"Halsey"},{"id":"1sXUWdKx03aP9Gmzft58rt","name":"Issues","artist":"Julia Michaels"},{"id":"5CPqOpKSk0QcJ3dGdaWcRB","name":"On Hold","artist":"The xx"},{"id":"728zbo72kOoYdGR3AhNsyF","name":"Say Something Loving","artist":"The xx"},{"id":"4cxMGhkinTocPSVVKWIw0d","name":"Losin Control","artist":"Russ"},{"id":"2h3i5tGUl6hMu572umjcGo","name":"Running Back (feat. Lil Wayne)","artist":"Wale"},{"id":"4atJ40xfasjdM9ZF3p07BV","name":"Halfway Off The Balcony","artist":"Big Sean"},{"id":"1crSsvtU9wZB15dIQXV2QH","name":"Moving On and Getting Over","artist":"John Mayer"},{"id":"4WfjYOo0JxommRm1PyObJl","name":"High For Hours","artist":"J. Cole"},{"id":"0oiCeOPwm4zhwfyIpAE37y","name":"Love on the Weekend","artist":"John Mayer"},{"id":"6eIygPhGcBFKKcxlGTJlY0","name":"Changing","artist":"John Mayer"},{"id":"4aWmUDTfIPGksMNLV2rQP2","name":"Despacito (Featuring Daddy Yankee)","artist":"Luis Fonsi"},{"id":"3nxgKa7boB4WjD0X01MXtJ","name":"Misunderstood","artist":"PnB Rock"},{"id":"51lPx6ZCSalL2kvSrDUyJc","name":"You're Gonna Live Forever in Me","artist":"John Mayer"},{"id":"4ntsD33Pgsgk8rUyZLLiUV","name":"DEVASTATED","artist":"Joey Bada$$"},{"id":"204U3zjm9kkzX25Pr4Rdld","name":"Kelly Price (feat. Travis Scott)","artist":"Migos"},{"id":"0fg8CqpjdojMyXLNzM2PaJ","name":"Run Up (feat. PARTYNEXTDOOR & Nicki Minaj)","artist":"Major Lazer"},{"id":"3ebXMykcMXOcLeJ9xZ17XH","name":"Scared to Be Lonely","artist":"Martin Garrix"},{"id":"6p8NuHm8uCGnn2Dtbtf7zE","name":"Slippery (feat. Gucci Mane)","artist":"Migos"},{"id":"76Y0gxtTxN0FyDCYh5qYQj","name":"Get Right Witcha","artist":"Migos"},{"id":"4oLuMvGQ4WJfU2s4OM6nfE","name":"Culture (feat. DJ Khaled)","artist":"Migos"},{"id":"5wihevBA7MO9PNYyWyTfkh","name":"Brown Paper Bag","artist":"Migos"},{"id":"7sO0dVFCfixpLshm4daMH3","name":"What The Price","artist":"Migos"},{"id":"4Dbn05LNVX5giGbgbz5fdQ","name":"Out Yo Way","artist":"Migos"},{"id":"4AlrLQ2RMxOwz1gTTkb4vQ","name":"Deadz (feat. 2 Chainz)","artist":"Migos"},{"id":"5QxqypupYWHrY8IkGCSObQ","name":"All Ass","artist":"Migos"},{"id":"3BoPOp7YNORLqMUjE5XAh9","name":"Big On Big","artist":"Migos"},{"id":"2oUuLLKS8WbF7ELJcwbqms","name":"Look at Me!","artist":"XXXTENTACION"},{"id":"6Dwtha2FtZFoMEBh5GR2sq","name":"CRZY","artist":"Kehlani"},{"id":"2dqLk7ezV15LEJEwUmEbXB","name":"Down","artist":"Marian Hill"},{"id":"2wSQyp6VzUopSFBinRo1iD","name":"Distraction","artist":"Kehlani"},{"id":"3UjJP4ludb74a29P5EHEIo","name":"Thumbs","artist":"Sabrina Carpenter"},{"id":"5abwHwUhywLGNli5NDcEN7","name":"Magic","artist":"Thomas Gold"},{"id":"5clYhUpqYzy0Fdz3TdtZ3j","name":"Escape","artist":"Kehlani"},{"id":"1MksGqIztTT6M9R1ErKVs8","name":"No Favors","artist":"Big Sean"},{"id":"1r0faljjM2b876iNoaDUh5","name":"Sacrifices","artist":"Big Sean"},{"id":"1jQsKN68yE94tMYml0wHMd","name":"Jump Out The Window","artist":"Big Sean"},{"id":"7mldq42yDuxiUNn08nvzHO","name":"Body Like A Back Road","artist":"Sam Hunt"},{"id":"1u0MOgWF1bbylVxpJG2ZjB","name":"Owe Me","artist":"Big Sean"},{"id":"2pzuU8vLaG8W1P31X65ZP9","name":"Voices In My Head/Stick To The Plan","artist":"Big Sean"},{"id":"0URaKGzNTtzKRtsJN1RkA9","name":"Light","artist":"Big Sean"},{"id":"6zpXc7WJ3TqYWb02B6sKyF","name":"Bigger Than Me","artist":"Big Sean"},{"id":"7yoe9vbbzakNAXwb1UaWLS","name":"Same Time Pt. 1","artist":"Big Sean"},{"id":"50PWlIBU7PlGGwzgN8TiFJ","name":"Million Reasons","artist":"Lady Gaga"},{"id":"5VlstKgCJPHDIMCQO4jHcQ","name":"Sunday Morning Jetpack","artist":"Big Sean"},{"id":"0CcQNd8CINkwQfe1RDtGV6","name":"Believer","artist":"Imagine Dragons"},{"id":"7M62jxrvr7UJdo6DchAFf3","name":"Inspire Me","artist":"Big Sean"},{"id":"6wV12xIUb8oFY7lBy4KuQe","name":"Sooner Or Later","artist":"Aaron Carter"},{"id":"35k5ePiDMMdacA7jIF9RFY","name":"Intro","artist":"Big Sean"},{"id":"1sl5tSzfK1JrcQIcA8rYDy","name":"I Miss You","artist":"Grey"},{"id":"3muBQDekYAg7jm6hDu6R0Z","name":"First Day Out","artist":"Tee Grizzley"},{"id":"2wf9bp4MkChojtljddWpbO","name":"PRBLMS","artist":"6LACK"},{"id":"0pSBuHjILhNEo55xK1zrRt","name":"Rolex","artist":"Ayo & Teo"},{"id":"7f08qp3HROTkfrtNpiYGGo","name":"Dirt On My Boots","artist":"Jon Pardi"},{"id":"6520aj0B4FSKGVuKNsOCOi","name":"Chained To The Rhythm","artist":"Katy Perry"},{"id":"6m9qPYXmhge2QhBLfFKnVF","name":"Same Drugs","artist":"Chance The Rapper"},{"id":"6E39QsoWB7JjphPF9xCQSN","name":"Outlet","artist":"Desiigner"},{"id":"3ZLyt2ndLFBh148XRYjYYZ","name":"All We Got (feat. Kanye West & Chicago Children's Choir)","artist":"Chance The Rapper"},{"id":"60xaS8mYBKUW4VQQ666N0T","name":"All Night (feat. Knox Fortune)","artist":"Chance The Rapper"},{"id":"0jx8zY5JQsS4YEQcfkoc5C","name":"Angels (feat. Saba)","artist":"Chance The Rapper"},{"id":"4nDfc6F2uVcc6wdG7kBzWO","name":"Bom Bidi Bom - From \"Fifty Shades Darker (Original Motion Picture Soundtrack)\"","artist":"Nick Jonas"},{"id":"2CvOqDpQIMw69cCzWqr5yr","name":"Halo","artist":"Beyoncé"},{"id":"5Db9VIdDsN5yu3Eu7CT0i4","name":"Stay With Me","artist":"Sam Smith"},{"id":"0IqKeD8ZSP72KbGYyzEcAs","name":"Take Me To Church","artist":"Hozier"},{"id":"3lNfezSWDZIdt6XMwyNCJi","name":"Dab of Ranch - Recorded at Spotify Studios NYC","artist":"Migos"},{"id":"1Uq3IOIy1CUlHUgP6vWpum","name":"Smoke Break (feat. Future)","artist":"Chance The Rapper"},{"id":"1sYSP7gKa5kdKIfhANfori","name":"Lights Down Low","artist":"MAX"},{"id":"49VzL5oBsUICN7U34T98b9","name":"Instinct (feat. MadeinTYO)","artist":"Roy Woods"},{"id":"5kNe7PE09d6Kvw5pAsx23n","name":"Die A Happy Man","artist":"Thomas Rhett"},{"id":"3eR23VReFzcdmS7TYCrhCe","name":"It Ain't Me (with Selena Gomez)","artist":"Kygo"},{"id":"3rOSwuTsUlJp0Pu0MkN8r8","name":"Mask Off","artist":"Future"},{"id":"4Zxdw0Hno7YDu0IzvY76Qo","name":"Rent Money","artist":"Future"},{"id":"4Q3N4Ct4zCuIHuZ65E3BD4","name":"Tunnel Vision","artist":"Kodak Black"},{"id":"67dyMPOUsbZ9Yg06PnfAAh","name":"Draco","artist":"Future"},{"id":"5NNlUMcOEOdoOIwwaWXv0k","name":"Cold","artist":"Maroon 5"},{"id":"5e0RPsQUTQu0A29wqD6bZR","name":"Super Trapper","artist":"Future"},{"id":"0n2bvWvMwr0gbjcuTm92eW","name":"Love","artist":"Lana Del Rey"},{"id":"4lozYCMRLtEc46exlhoK2Q","name":"I'm so Groovy","artist":"Future"},{"id":"7iAiOtm19uRwipMm7TH6lw","name":"Zoom","artist":"Future"},{"id":"3CyICSGQGqUaFeYvMJgpnt","name":"High Demand","artist":"Future"},{"id":"6PJ8FF6UR8FZXfEvpHkIVN","name":"How Would You Feel (Paean)","artist":"Ed Sheeran"},{"id":"3yaq0WhtGS0Y6r7vDkw4lc","name":"Good Dope","artist":"Future"},{"id":"7BzjpnOxxngXt1LZiVXhND","name":"POA","artist":"Future"},{"id":"7zxRMhXxJMQCeDDg0rKAVo","name":"Some Way","artist":"NAV"},{"id":"572NmogOEHowA9JdNqh036","name":"Might as Well","artist":"Future"},{"id":"133V82vMO7TB1WYehNUMwW","name":"Outta Time","artist":"Future"},{"id":"3s2rQnjOKEENte75MloNMq","name":"Scrape","artist":"Future"},{"id":"6RUKPb4LETWmmr3iAEQktW","name":"Something Just Like This","artist":"The Chainsmokers"},{"id":"104buTcnP2AsxqB7U1FIZ4","name":"Heavy (feat. Kiiara)","artist":"Linkin Park"},{"id":"77zIq99gy96DGkMak3a2wF","name":"Poppin' Tags","artist":"Future"},{"id":"7sMBRW8Y8iL19IchYMAogN","name":"Feds Did a Sweep","artist":"Future"},{"id":"4IcwdrlHrNF7IxMMMloEBh","name":"When I Was Broke","artist":"Future"},{"id":"3OoZagIW3YK8vjt0ws6NOI","name":"Shining","artist":"DJ Khaled"},{"id":"2Yimo750CLgO2mDPPndSK6","name":"Massage In My Room","artist":"Future"},{"id":"1RLRjT3mBJ7PW83rIvE2bu","name":"Flip","artist":"Future"},{"id":"49zD0wr2S3d0lZPib0K4e1","name":"F*ck Up Some Commas","artist":"Future"},{"id":"7tr2za8SQg2CI8EDgrdtNl","name":"Slide","artist":"Calvin Harris"},{"id":"0dA2Mk56wEzDgegdC6R17g","name":"Stay (with Alessia Cara)","artist":"Zedd"},{"id":"3mRcWCyteY2133a7xVMrYw","name":"Comin Out Strong","artist":"Future"},{"id":"2Ce5IyMlVRVvN997ZJjJJA","name":"Selfish","artist":"Future"},{"id":"1gb6riq7CCP5clGpSD0XPH","name":"Sorry","artist":"Future"},{"id":"4Q9vx0KwTiOMaRjOZkaxst","name":"My Collection","artist":"Future"},{"id":"3IJPE9ICRq5PxVZxdv1sEv","name":"Incredible","artist":"Future"},{"id":"6pRoE3RdW4w1Fjd8epVWjZ","name":"Use Me","artist":"Future"},{"id":"5qdaaB2RYHohGB1vglLuAf","name":"Lookin Exotic","artist":"Future"},{"id":"7y06b4wdIvUa5mEiEClTA3","name":"Damage","artist":"Future"},{"id":"73grS4MZ4rHwa7CJOihO73","name":"Solo","artist":"Future"},{"id":"70nMgdn0StiYRaDqTGJeCO","name":"Fresh Air","artist":"Future"},{"id":"40FrkaBaV1XUfpUH1W6319","name":"Testify","artist":"Future"},{"id":"2zGvXOnaY9owBpYz3ZLjw5","name":"Hallucinating","artist":"Future"},{"id":"4ARPvK8DHLwt4oX65ZAFMw","name":"Look At Me!","artist":"XXXTENTACION"},{"id":"23TxRN09aR1RB0G0tFoT0b","name":"Better Man","artist":"Little Big Town"},{"id":"2KlDzyTJVmOlH1sVTuPcSF","name":"Make Love","artist":"Gucci Mane"},{"id":"6kex4EBAj0WHXDKZMEJaaF","name":"Swalla (feat. Nicki Minaj & Ty Dolla $ign)","artist":"Jason Derulo"},{"id":"0afhq8XCExXpqazXczTSve","name":"Galway Girl","artist":"Ed Sheeran"},{"id":"0tgVpDi06FyKpA1z0VMD4v","name":"Perfect","artist":"Ed Sheeran"},{"id":"51ChrwmUPDJvedPQnIU8Ls","name":"Dive","artist":"Ed Sheeran"},{"id":"2RttW7RAu5nOAfq6YFvApB","name":"Happier","artist":"Ed Sheeran"},{"id":"0gbBzIqrECJOEPvQJIBFs5","name":"Green Light","artist":"Lorde"},{"id":"5HDPtsnyb3maFmPL8LLUTG","name":"New Man","artist":"Ed Sheeran"},{"id":"2pJZ1v8HezrAoZ0Fhzby92","name":"What Do I Know?","artist":"Ed Sheeran"},{"id":"2dfHh7ECGxfNqZTQno09Vk","name":"Hearts Don't Break Around Here","artist":"Ed Sheeran"},{"id":"7oolFzHipTMg2nL7shhdz2","name":"Eraser","artist":"Ed Sheeran"},{"id":"3Lfiu5sZ4M4B6JaKMBc0FU","name":"Barcelona","artist":"Ed Sheeran"},{"id":"4VuS959DSpr82t3qBqCrWG","name":"Supermarket Flowers","artist":"Ed Sheeran"},{"id":"35QZaWQRkmnAVqBF1TLCxQ","name":"Nancy Mulligan","artist":"Ed Sheeran"},{"id":"6SznMYPQJHzr3IwsAHLId2","name":"Bibia Be Ye Ye","artist":"Ed Sheeran"},{"id":"6TIU9Ehmi6dMzZK73Ym4yj","name":"Save Myself","artist":"Ed Sheeran"},{"id":"3IHZc2GclRu5nJpTqty7MY","name":"Gucci On My (feat. 21 Savage, YG & Migos)","artist":"Mike WiLL Made-It"},{"id":"53MHr9cjIlwet0mpmqNvjC","name":"Go Off (with Lil Uzi Vert, Quavo & Travis Scott)","artist":"Lil Uzi Vert"},{"id":"0FuTx2s3YH1ppmtiM6l0zI","name":"September Song","artist":"JP Cooper"},{"id":"248OFOZef6ShXv6DGgbnxU","name":"Saved","artist":"Khalid"},{"id":"3FiE2d325mIOc4YjkSLVJR","name":"Everyday","artist":"Ariana Grande"},{"id":"5bgwqaRSS3M8WHWruHgSL5","name":"8TEEN","artist":"Khalid"},{"id":"5qbcsZMwL0x46sX7VO37Ye","name":"Up","artist":"NAV"},{"id":"0NyOeqzqjVM9j7IuWp2oJ6","name":"Feel Good (feat. Daya)","artist":"Gryffin"},{"id":"312WNtMs3F28cUukaPY9bo","name":"American Teen","artist":"Khalid"},{"id":"1Ob94QesoxHSBrypyBbdfd","name":"Shot Down","artist":"Khalid"},{"id":"7KcGEssn7BnJdTgildK5y0","name":"No Frauds","artist":"Nicki Minaj"},{"id":"6Nle9hKrkL1wQpwNfEkxjh","name":"Chanel","artist":"Frank Ocean"},{"id":"0or0gNaKAXYYCsOrpvRzAu","name":"Liability","artist":"Lorde"},{"id":"6H0AwSQ20mo62jGlPGB8S6","name":"It's A Vibe","artist":"2 Chainz"},{"id":"1KZ0Xo6Mmeprp1Sw5xCHYz","name":"Trap Trap Trap","artist":"Rick Ross"},{"id":"63NTlJWNS65JjsE3QJYr20","name":"Changed It","artist":"Nicki Minaj"},{"id":"7FCfMXYTIiQ9b4hDYs4Iol","name":"Be The One","artist":"Dua Lipa"},{"id":"6xHI9KjUjYT0FPtGO8Mxa1","name":"Hurricane","artist":"Luke Combs"},{"id":"7xVLFuuYdAvcTfcP3IG3dS","name":"Work REMIX","artist":"A$AP Ferg"},{"id":"3sdDgcU2XvO8EwkUsIe7VW","name":"Want Her","artist":"DJ Mustard"},{"id":"7hDc8b7IXETo14hHIHdnhd","name":"Passionfruit","artist":"Drake"},{"id":"2bjwRfXMk4uRgOD9IBYl9h","name":"Portland","artist":"Drake"},{"id":"05KOgYg8PGeJyyWBPi5ja8","name":"Free Smoke","artist":"Drake"},{"id":"6UjfByV1lDLW0SOVQA4NAi","name":"Gyalchester","artist":"Drake"},{"id":"2XlHu0HcujBCkWMdIAvrqt","name":"Blem","artist":"Drake"},{"id":"6CfrYuD3YRDYdYvH9jNtXY","name":"No Long Talk","artist":"Drake"},{"id":"0xl1w2q4VLojeXp4JfazPL","name":"Sacrifices","artist":"Drake"},{"id":"7y6c07pgjZvtHI9kuMVqk1","name":"Get It Together","artist":"Drake"},{"id":"6n3HGiq4v35D6eFOSwqYuo","name":"Teenage Fever","artist":"Drake"},{"id":"13e6f8t7RKXuxZ0JdaaJRG","name":"Jorja Interlude","artist":"Drake"},{"id":"2jTujnt0y344ai1rNOywgr","name":"KMT","artist":"Drake"},{"id":"2fkeWbM6iqTw7oGHTYm2lw","name":"4422","artist":"Drake"},{"id":"76gUmNLXGQVOsGhfcshkFP","name":"Madiba Riddim","artist":"Drake"},{"id":"28irpKCCK9nn9DZSik2zEx","name":"Glow","artist":"Drake"},{"id":"6MbH1QiphMCPTqVEVC7UYi","name":"Nothings Into Somethings","artist":"Drake"},{"id":"5f5r2N4Lp9WoULWPH9zp2W","name":"Can't Have Everything","artist":"Drake"},{"id":"2KvHC9z14GSl4YpkNMX384","name":"Do Not Disturb","artist":"Drake"},{"id":"2Na0z2gfN67Rzf0vp74Wi3","name":"Lose You","artist":"Drake"},{"id":"7bJ4mu7MHa3rHiNyKjOoSl","name":"Ice Melts","artist":"Drake"},{"id":"2dfqS3MRtbLZSZA1IL8xY5","name":"Skepta Interlude","artist":"Drake"},{"id":"5JUu0unA8VwhTZ9LkMWUVI","name":"Since Way Back","artist":"Drake"},{"id":"1x5sYLZiu9r5E43kMlt9f8","name":"Symphony (feat. Zara Larsson)","artist":"Clean Bandit"},{"id":"6Q2FftbUG530lCtBI74bMH","name":"Drowning (feat. Kodak Black)","artist":"A Boogie Wit da Hoodie"},{"id":"2NyrXRn4tancYPW6JwtTl2","name":"From The D To The A (feat. Lil Yachty)","artist":"Tee Grizzley"},{"id":"00lNx0OcTJrS3MKHcB80HY","name":"You Don't Know Me - Radio Edit","artist":"Jax Jones"},{"id":"77lGafvlU68CeHgB2pkHC9","name":"At My Best (feat. Hailee Steinfeld)","artist":"Machine Gun Kelly"},{"id":"1KT0xdIjm7t053xByACrrg","name":"美女と野獣","artist":"Ariana Grande"},{"id":"4kNvYhyl8R6m1vykVkcuBu","name":"All Me","artist":"Drake"},{"id":"3LRoXCTQ7VvvVtzpceHt4y","name":"Dead Presidents","artist":"Rick Ross"},{"id":"1zayuwd1YLZsYDArkruHdL","name":"The Heart Part 4","artist":"Kendrick Lamar"},{"id":"2eMwDehkIC1j68U6FA3Eiq","name":"XO TOUR Llif3","artist":"Lil Uzi Vert"},{"id":"000xQL6tZNLJzIrtIgxqSl","name":"Still Got Time","artist":"ZAYN"},{"id":"7l9CE3wmEGOUYw1j4ETjnL","name":"Saturnz Barz (feat. Popcaan)","artist":"Gorillaz"},{"id":"2C0KFbb4v9CNWR5c9jWcKC","name":"Andromeda (feat. DRAM)","artist":"Gorillaz"},{"id":"2bBMODHVTXGwE2aZYfbgCt","name":"Ascension (feat. Vince Staples)","artist":"Gorillaz"},{"id":"3A2OHirUAlQp2x73BJlEDA","name":"Perfect Pint (feat. Kendrick Lamar, Gucci Mane & Rae Sremmurd)","artist":"Mike WiLL Made-It"},{"id":"3Q3myFA7q4Op95DOpHplaY","name":"do re mi","artist":"blackbear"},{"id":"10M2Ex445zw585Ducldzkw","name":"In Case You Didn't Know","artist":"Brett Young"},{"id":"07pJdL0L9XDGW0HBj0rIS2","name":"Skateboard P (feat. Big Sean)","artist":"MadeinTYO"},{"id":"498ZVInMGDkmmNVpSWqHiZ","name":"May We All","artist":"Florida Georgia Line"},{"id":"1HOUzEsetdIPSpAgRPhZQt","name":"Nobody Else But You","artist":"Trey Songz"},{"id":"3vgNmjuRDnGLxUFGCLkwpm","name":"Light My Body Up (feat. Nicki Minaj & Lil Wayne)","artist":"David Guetta"},{"id":"0wfbD5rAksdXUzRvMfM3x5","name":"The One","artist":"The Chainsmokers"},{"id":"7KXjTSCq5nL1LoYtL7XAwS","name":"HUMBLE.","artist":"Kendrick Lamar"},{"id":"7cGFbx7MP0H23iHZTZpqMM","name":"Everybody","artist":"Logic"},{"id":"60APt5N2NRaKWf5xzJdzyC","name":"Heatstroke","artist":"Calvin Harris"},{"id":"16dXg2YuFOxwDC3cTf5jde","name":"Conscience (feat. Future)","artist":"Kodak Black"},{"id":"5Ua3GXyHwiSfpNTMjq6m2z","name":"Touch","artist":"Little Mix"},{"id":"1Eck97uRMlprKOOJN9oO1E","name":"Good Life (with G-Eazy & Kehlani)","artist":"G-Eazy"},{"id":"1louJpMmzEicAn7lzDalPW","name":"No Promises (feat. Demi Lovato)","artist":"Cheat Codes"},{"id":"6zLdXcmvIxnAXpz9sXFnIE","name":"Craving You","artist":"Thomas Rhett"},{"id":"0bXFIF7iL17TYLyx8JHziM","name":"Patty Cake","artist":"Kodak Black"},{"id":"439TlnnznSiBbQbgXiBqAd","name":"m.A.A.d city","artist":"Kendrick Lamar"},{"id":"1NDxZ7cFAo481dtYWdrUnR","name":"Pretty Girl - Cheat Codes X CADE Remix","artist":"Maggie Lindemann"},{"id":"0rGipWrGwAnZsaVkyiJpap","name":"Day For Day","artist":"Kodak Black"},{"id":"5pvVAwQbuFoR7LkcicrKnk","name":"Obsession (feat. Jon Bellion)","artist":"Vice"},{"id":"4PzovBqgnSHKd8opsP7IVM","name":"Everyday We Lit (feat. PnB Rock)","artist":"YFN Lucci"},{"id":"2f9LSU0aBW04w6KL26DW8r","name":"Come Closer","artist":"WizKid"},{"id":"1Nh5WUisukhSNgwXLRoyZf","name":"Coolin and Booted","artist":"Kodak Black"},{"id":"4uoumbAMEMaKdtiv763jKz","name":"TG4M","artist":"Zara Larsson"},{"id":"5Ohxk2dO5COHF1krpoPigN","name":"Sign of the Times","artist":"Harry Styles"},{"id":"0Nhu3zSYbEz32IYiobV75e","name":"Now Or Never","artist":"Halsey"},{"id":"6cPyTS0Kk2sc4xQwC93kOg","name":"Break Up Every Night","artist":"The Chainsmokers"},{"id":"1pJQAHpD51J7GYaFrrFO9S","name":"Don't Say","artist":"The Chainsmokers"},{"id":"26AuyrZGzWWiYZPSd3XBIg","name":"Bloodstream","artist":"The Chainsmokers"},{"id":"6V9kwssTrwkKT72imgowj9","name":"My Type","artist":"The Chainsmokers"},{"id":"6KjbNLbRjuoa8rEq5yNA6H","name":"Honest","artist":"The Chainsmokers"},{"id":"6GeD5g9vZTz25Egf8kxoIY","name":"Last Day Alive","artist":"The Chainsmokers"},{"id":"1F2HXIJrE2Xn81OzT2zZvW","name":"Unforgettable","artist":"French Montana"},{"id":"1KeZgPUr54C8iz3FjqzVoz","name":"Young","artist":"The Chainsmokers"},{"id":"5xhJmd0I15jFcEdqxfCzKk","name":"It Won't Kill Ya","artist":"The Chainsmokers"},{"id":"0dj1CtyRxZ4bnIT4Q20jNT","name":"Wake Up Alone","artist":"The Chainsmokers"},{"id":"7L9g4cPfohScjJ8mGwLQWr","name":"TEMPTATION","artist":"Joey Bada$$"},{"id":"4ZJPwET9Jrgpkqi4Vo3Yg8","name":"Bad Bitch (feat. Ty Dolla $ign)","artist":"Bebe Rexha"},{"id":"6mORGLOz79w6VsCRLWYYuK","name":"The Night We Met","artist":"Lord Huron"},{"id":"5YYjsDIxJKpVgNLkPpBmRA","name":"Up","artist":"Desiigner"},{"id":"31mqc7EKPsJf3pe6H5jEfC","name":"ROCKABYE BABY (feat. ScHoolboy Q)","artist":"Joey Bada$$"},{"id":"5C6uh95eAL0RBTSGXKQwvk","name":"Hometown Girl","artist":"Josh Turner"},{"id":"5Z3GHaZ6ec9bsiI5BenrbY","name":"Young Dumb & Broke","artist":"Khalid"},{"id":"63OQWdXMq0Pe6pRpWY5gO0","name":"Star Of The Show","artist":"Thomas Rhett"},{"id":"6HZILIRieu8S0iqY8kIKhj","name":"DNA.","artist":"Kendrick Lamar"},{"id":"1EaKU4dMbesXXd3BrLCtYG","name":"ELEMENT.","artist":"Kendrick Lamar"},{"id":"6SwRhMLwNqEi6alNPVG00n","name":"LOYALTY. FEAT. RIHANNA.","artist":"Kendrick Lamar"},{"id":"6PGoSes0D9eUDeeAafB2As","name":"LOVE. FEAT. ZACARI.","artist":"Kendrick Lamar"},{"id":"4BHSjbYylfOH5WAGusDyni","name":"YAH.","artist":"Kendrick Lamar"},{"id":"4iYRa2btalAzPZoSYfROqF","name":"XXX. FEAT. U2.","artist":"Kendrick Lamar"},{"id":"2LTlO3NuNVN70lp2ZbVswF","name":"FEEL.","artist":"Kendrick Lamar"},{"id":"6IZvVAP7VPPnsGX6bvgkqg","name":"PRIDE.","artist":"Kendrick Lamar"},{"id":"06FCvd7rrRcF3DdvWH5Isp","name":"LUST.","artist":"Kendrick Lamar"},{"id":"1n4jwRVXdkK2U34nBDUKKT","name":"BLOOD.","artist":"Kendrick Lamar"},{"id":"23luOrEVHMfoX0AhfbQuS6","name":"FEAR.","artist":"Kendrick Lamar"},{"id":"5p3NP9mQblDsVJLdfNZJ3I","name":"GOD.","artist":"Kendrick Lamar"},{"id":"0y9uTzK9cNKSAEHnpeRG8C","name":"DUCKWORTH.","artist":"Kendrick Lamar"},{"id":"5CtI0qwDJkDQGwXD1H1cLb","name":"Despacito - Remix","artist":"Luis Fonsi"},{"id":"7BKUWh5sdtdS17crohRe4L","name":"Black SpiderMan","artist":"Logic"},{"id":"5hx4FpDZOnDVYlyoG3rMks","name":"Peek A Boo","artist":"Lil Yachty"},{"id":"51PIvodunv6NmX5250zxAh","name":"The Cure","artist":"Lady Gaga"},{"id":"59J5nzL1KniFHnU120dQzt","name":"wokeuplikethis*","artist":"Playboi Carti"},{"id":"2q0VexHJirnUPnEOhr2DxK","name":"Biking","artist":"Frank Ocean"},{"id":"5PfTI3zrQbZEWcQdycMqJM","name":"Gang Up (with Young Thug, 2 Chainz & Wiz Khalifa feat. PnB Rock)","artist":"Young Thug"},{"id":"7DEgL4rErTwjrsxLMlUVhf","name":"Any Ol' Barstool","artist":"Jason Aldean"},{"id":"79cuOz3SPQTuFrp8WgftAu","name":"There's Nothing Holdin' Me Back","artist":"Shawn Mendes"},{"id":"5LYQSNHZxEA880URXFHg6h","name":"Lust for Life (with The Weeknd)","artist":"Lana Del Rey"},{"id":"0w5Bdu51Ka25Pf3hojsKHh","name":"Hard Times","artist":"Paramore"},{"id":"4iLqG9SeJSnt0cSPICSjxv","name":"Attention","artist":"Charlie Puth"},{"id":"1V8c3uV6p7uTsfQof5oRXg","name":"make daddy proud","artist":"blackbear"},{"id":"1e1JKLEDKP7hEQzJfNAgPl","name":"Magnolia","artist":"Playboi Carti"},{"id":"5de7ci7TFqbQ1PFgKAD7MR","name":"Horses (with PnB Rock, Kodak Black & A Boogie Wit da Hoodie)","artist":"PnB Rock"},{"id":"4VFE6ZNqa8jHAmbYICoAFg","name":"God, Your Mama, And Me","artist":"Florida Georgia Line"},{"id":"3DXncPQOG4VBw3QHh3S817","name":"I'm the One","artist":"DJ Khaled"},{"id":"5tz69p7tJuGPeMGwNTxYuV","name":"1-800-273-8255","artist":"Logic"},{"id":"2Gl0FzuLxflY6nPifJp5Dr","name":"First Time","artist":"Kygo"},{"id":"61WbtB6ujkpNAsAf5LjF4b","name":"Bon appétit","artist":"Katy Perry"},{"id":"3QWjljChcOMkRDYSzF33Qr","name":"Whippin (feat. Felix Snow)","artist":"Kiiara"},{"id":"0q75NwOoFiARAVp4EXU4Bs","name":"Love Galore","artist":"SZA"},{"id":"0tKcYR2II1VCQWT79i5NrW","name":"Thunder","artist":"Imagine Dragons"},{"id":"05nbZ1xxVNwUTcGwLbp7CN","name":"Myself","artist":"NAV"},{"id":"3VCYe6mCXebBgcfzaxCVNI","name":"Both (feat. Drake & Lil Wayne) - Remix","artist":"Gucci Mane"},{"id":"6HL9fQAZ5jwajChlEIqVzf","name":"Colombia Heights (Te Llamo) [feat. J Balvin]","artist":"Wale"},{"id":"72OGJT4cL9BQjHTa8h28tz","name":"Young And Menace","artist":"Fall Out Boy"},{"id":"2W4yTO3qHdqyvbz2UxfIPh","name":"Submission (feat. Danny Brown & Kelela)","artist":"Gorillaz"},{"id":"2RCp9QBnFSxdKe8RD4xF8s","name":"Momentz (feat. De La Soul)","artist":"Gorillaz"},{"id":"4Q5yMlwAfAoitqg4r9oZHN","name":"Quit (feat. Ariana Grande)","artist":"Cashmere Cat"},{"id":"7rfiXyFb5M9BqdkvKvVEiB","name":"My Love (feat. Major Lazer, WizKid, Dua Lipa)","artist":"Wale"},{"id":"2mfUa8bLs2s5N4VaqJZ4lZ","name":"Most Girls","artist":"Hailee Steinfeld"},{"id":"6XGddj522FQRHXEhBtjiJu","name":"Strobelite (feat. Peven Everett)","artist":"Gorillaz"},{"id":"167NczpNbRF7oWakJaY3Hh","name":"Slow Hands","artist":"Niall Horan"},{"id":"6OQea06z3cbOqYgG2O6eOZ","name":"Killing Spree","artist":"Logic"},{"id":"6HN5XPJEV31RQJGoyqZ81K","name":"Take It Back","artist":"Logic"},{"id":"58kwvMXeOlsvzPqUlyj75Y","name":"Confess","artist":"Logic"},{"id":"77mLzdHEWRB60CLlV02TV2","name":"America","artist":"Logic"},{"id":"7fRfIvHPH6bHdMDjPFwTMh","name":"Hallelujah","artist":"Logic"},{"id":"732btJLGu7gYNHHNdzshrG","name":"Ink Blot","artist":"Logic"},{"id":"6CvTbrBxxc5jFwqsivhpxh","name":"Anziety","artist":"Logic"},{"id":"76ZrqdtkKxhMl42xAQTnFm","name":"AfricAryaN","artist":"Logic"},{"id":"53LkLW4k4w7EOayzvx70O9","name":"Mos Definitely","artist":"Logic"},{"id":"5kRPPEWFJIMox5qIkQkiz5","name":"Sweet Creature","artist":"Harry Styles"},{"id":"4f1QbCjIAgQwnf7ms9NXWx","name":"Me You","artist":"Russ"},{"id":"2WQn7Yvs728KZmmY6tgWqH","name":"Eyes Closed","artist":"Halsey"},{"id":"0qYTZCo5Bwh1nsUFGZP3zn","name":"Felices los 4","artist":"Maluma"},{"id":"6Wo5YxkdXgwzKQZbDg2r17","name":"Either Way","artist":"Chris Stapleton"},{"id":"4GP2Idcs08NqAjfEV0rsl6","name":"Waiting Room","artist":"Logic"},{"id":"4SO6Wonm24FAHzttG1lIeJ","name":"Want You Back","artist":"HAIM"},{"id":"6qcuRcbz8DCLG6nG4or8Uo","name":"Cherry Hill","artist":"Russ"},{"id":"2habSXqcJGExM6JJyskY7O","name":"Malibu","artist":"Miley Cyrus"},{"id":"0lMbuWUpfTWhEmOKxppEau","name":"Rollin","artist":"Calvin Harris"},{"id":"3Dwq1oiOFys6Sxr5SslmXw","name":"Carolina","artist":"Harry Styles"},{"id":"4u9Y4Z9i9VaAbBK7rW1Rha","name":"Meet Me in the Hallway","artist":"Harry Styles"},{"id":"4B1rpPmQXwj78wk6aIGwwU","name":"Two Ghosts","artist":"Harry Styles"},{"id":"33bURv895AN4FkBvgFo2dx","name":"Woman","artist":"Harry Styles"},{"id":"5LABCxgmP7DATATIJXOh6n","name":"Ever Since New York","artist":"Harry Styles"},{"id":"33SNO8AaciGbNaQFkxvPrW","name":"Kiwi","artist":"Harry Styles"},{"id":"4IWAyPf1KMq7JCyGeCjTeH","name":"Whatever It Takes","artist":"Imagine Dragons"},{"id":"6XOYVSmNDjKUNMXooU4s4z","name":"No Vacancy","artist":"OneRepublic"},{"id":"5Lbsc65org0b85kNsPkluY","name":"Only Angel","artist":"Harry Styles"},{"id":"1IF5UcqRO42D12vYwceOY6","name":"From the Dining Table","artist":"Harry Styles"},{"id":"3Jrs7cC2OJNlNSy9VnDOMZ","name":"Somethin Tells Me","artist":"Bryson Tiller"},{"id":"4sxLB4ibrNZko2Y9wHfwZ3","name":"Get Mine","artist":"Bryson Tiller"},{"id":"7BpYWzZwrsljT1eIjb0TqR","name":"Told You So","artist":"Paramore"},{"id":"1sCxVKWImDZSZKvG0U9B23","name":"Bad Liar","artist":"Selena Gomez"},{"id":"74ABBu8osxqmuFOAKcWWpG","name":"Forgiveness","artist":"Paramore"},{"id":"5q5gzmbBS5yQzos2BvVr1t","name":"Nights With You","artist":"MØ"},{"id":"2RJfK2pOvGpnxC255YOy5k","name":"Rose-Colored Boy","artist":"Paramore"},{"id":"7uuBfgY1vBCalrQRyyQhqs","name":"Gospel","artist":"Rich Chigga"},{"id":"6EpRaXYhGOB3fj4V2uDkMJ","name":"Strip That Down","artist":"Liam Payne"},{"id":"1SJtlNRJDeYHioymcvsqev","name":"Crying in the Club","artist":"Camila Cabello"},{"id":"2kVHAQKVtczchKctctzbtK","name":"Swish Swish","artist":"Katy Perry"},{"id":"1yxgsra98r3qAtxqiGZPiX","name":"Butterfly Effect","artist":"Travis Scott"},{"id":"5hfpu8saHLGedbHRtNCYjm","name":"Trap Paris (feat. Quavo & Ty Dolla $ign)","artist":"Machine Gun Kelly"},{"id":"4xlrALxuaCf9yZBHJeTSG6","name":"Mama","artist":"Jonas Blue"},{"id":"6dVZCbi9CYtD9LjAHXRjIG","name":"Mask Off - Remix","artist":"Future"},{"id":"1Xpj3QviqIEVqPS2YbivL3","name":"X Men","artist":"Lil Yachty"},{"id":"0dvu4Irbq0SM5BWny30rRR","name":"Disrespectful","artist":"GASHI"},{"id":"3kkObn08oHrNmCFHSNR0jD","name":"Flex Like Ouu","artist":"Lil Pump"},{"id":"7fURZRPkB2S70sYR1naKTK","name":"Black Hole Sun","artist":"Soundgarden"},{"id":"2KtGuSoEszAKKjF7Yovhcg","name":"Everyday We Lit (feat. PnB Rock, Lil Yachty & Wiz Khalifa) - Remix","artist":"YFN Lucci"},{"id":"7nKBxz47S9SD79N086fuhn","name":"SUBEME LA RADIO","artist":"Enrique Iglesias"},{"id":"72Q0FQQo32KJloivv5xge2","name":"I'm the One","artist":"DJ Khaled"},{"id":"6gpcs5eMhJwax4mIfKDYQk","name":"Slide","artist":"Calvin Harris"},{"id":"3LnOF5n1GOs01siYZXzS3p","name":"Drowning (feat. Kodak Black)","artist":"A Boogie Wit da Hoodie"},{"id":"1mDGDb2fUmUMdqV3tb8VKQ","name":"Now Or Never","artist":"Halsey"},{"id":"6DB2KOEwHnjkgEnBt5SdeJ","name":"Mask Off - Remix","artist":"Future"},{"id":"56lBX2WHqfGuoeZxZvUnVj","name":"Thunder","artist":"Imagine Dragons"},{"id":"6jA8HL9i4QGzsj6fjoxp8Y","name":"There for You","artist":"Martin Garrix"},{"id":"3FDrI0FLKzrYQiWxPhqV2W","name":"Rollin","artist":"Calvin Harris"},{"id":"6CUBgX8bXC5YQCkdgRHqyg","name":"do re mi","artist":"blackbear"},{"id":"2XaInsPPUkZRkY4uFJ3AHK","name":"Met Gala (feat. Offset)","artist":"Gucci Mane"},{"id":"6VRghJeP6I0w1KxkdWFfIh","name":"Believer","artist":"Imagine Dragons"},{"id":"5GG3knKdxKWrNboRijxeKF","name":"Run Me Dry","artist":"Bryson Tiller"},{"id":"2rUwQj4SWaP2anuGDtNpYR","name":"Self-Made","artist":"Bryson Tiller"},{"id":"0OVhQZkNe7lh0fQeH96EFW","name":"Don't Get Too High","artist":"Bryson Tiller"},{"id":"3VRk65lHSwqd90TAkQqhvB","name":"Swish Swish","artist":"Katy Perry"},{"id":"6dxU7Xf9j2yNI7aCcT8W1g","name":"Stay Blessed","artist":"Bryson Tiller"},{"id":"4izg6Hydc6XGErWW6nbdsV","name":"Whatever It Takes","artist":"Imagine Dragons"},{"id":"4IdAIZRVkwuQQnHpi529cn","name":"No Longer Friends","artist":"Bryson Tiller"},{"id":"4C5ewaZ05vyXM23jFJdwd4","name":"Strangers","artist":"Halsey"},{"id":"4gHDOASpAaGG9eitQZP1bQ","name":"Hurricane","artist":"Luke Combs"},{"id":"4B2OmQGLBVB51aYNgUvXeM","name":"Blowing Smoke","artist":"Bryson Tiller"},{"id":"7mz8bgoIWwAjUBXeWUHphh","name":"Everyday We Lit","artist":"YFN Lucci"},{"id":"3tuyK9qfen7lPMji9Saw3d","name":"We Both Know","artist":"Bryson Tiller"},{"id":"5xGH4fqJwvMynXn3dcmbpr","name":"You Got It","artist":"Bryson Tiller"},{"id":"6OuV4vfyb8v3vGGGksqyKf","name":"Weak","artist":"AJR"},{"id":"7DQXiMeLqiQsy1uqHSk0xc","name":"Reminding Me","artist":"Shawn Hook"},{"id":"4nBhjVklA3Mtnyzshg4KmD","name":"In Check","artist":"Bryson Tiller"},{"id":"542Xd5qDeLBvgXZXhfW7LE","name":"Obsession (feat. Jon Bellion)","artist":"Vice"},{"id":"6ZCsp2zQsSTCilvGVefGVN","name":"High Stakes","artist":"Bryson Tiller"},{"id":"1p5B1jJk75RAblZCTnzUTU","name":"It's A Vibe","artist":"2 Chainz"},{"id":"2hfuZh5FuIOFMoUPU01fjv","name":"Harley","artist":"Lil Yachty"},{"id":"52LjL3x9tNh6C4eI6SMceX","name":"Rain On Me (Intro)","artist":"Bryson Tiller"},{"id":"4XF1D03U8LuaLzlCMugIE5","name":"Flex Like Ouu","artist":"Lil Pump"},{"id":"1oQQ5pf4hft7C3s75B8fXb","name":"Set It Off","artist":"Bryson Tiller"},{"id":"1E2ePlJmijVSX0o1G9TFgR","name":"Love Galore","artist":"SZA"},{"id":"4wdZdkEugVVorAfzqRqC6N","name":"Candy Paint","artist":"Post Malone"},{"id":"49EgauTc1cGkHwPGCaHh1f","name":"Better","artist":"Lil Yachty"},{"id":"5HtziFfFGxXpugCqZaAHoY","name":"Both Eyes Closed (feat. 2 Chainz and Young Dolph)","artist":"Gucci Mane"},{"id":"4KVVCo25PROevpOdHyvYRk","name":"Teach Me a Lesson","artist":"Bryson Tiller"},{"id":"7i2DJ88J7jQ8K7zqFX2fW8","name":"Now Or Never","artist":"Halsey"},{"id":"3Ytr1SUCUi6J3L9dRFx5iH","name":"Know No Better (feat. Travis Scott, Camila Cabello & Quavo)","artist":"Major Lazer"},{"id":"7LEydI5NfjY6mZfKwYIptZ","name":"Down","artist":"Fifth Harmony"},{"id":"4r4PJQBHAE0bIKCjunhTgd","name":"4 AM","artist":"2 Chainz"},{"id":"3pC1ILr9KzmQLMe8Kn5QBG","name":"To the Max","artist":"DJ Khaled"},{"id":"11EDhDAVDtGPoSar6ootYA","name":"Strangers","artist":"Halsey"},{"id":"7y9iMe8SOB6z3NoHE2OfXl","name":"Bad At Love","artist":"Halsey"},{"id":"4c2W3VKsOFoIg2SFaO6DY5","name":"Your Song","artist":"Rita Ora"},{"id":"3GgT5Au03iV45iGfTpzdhu","name":"Whatever You Need (feat. Chris Brown & Ty Dolla $ign)","artist":"Meek Mill"},{"id":"4q8PHoRsPUB52LFylX8Ulz","name":"More Than You Know","artist":"Axwell /\\ Ingrosso"},{"id":"0ZExP2I5Ej92PsnG4G1jVG","name":"Uh Huh","artist":"Julia Michaels"},{"id":"508hbpTQ7wclT2JDpKBUSV","name":"Perfect Places","artist":"Lorde"},{"id":"6Pw3Gvw4wNMZfTYZa6IQal","name":"The Way I Are (Dance With Somebody) [feat. Lil Wayne]","artist":"Bebe Rexha"},{"id":"1wjzFQodRWrPcQ0AnYnvQ9","name":"I Like Me Better","artist":"Lauv"},{"id":"2Te14aSrBgFj1CE2sBBVMX","name":"Alone","artist":"Halsey"},{"id":"7zVCrzzEJU7u24sbJPXA5W","name":"What Ifs","artist":"Kane Brown"},{"id":"045SnNDjOfOLKM5OxARH4g","name":"Small Town Boy","artist":"Dustin Lynch"},{"id":"44n97yHySt0Z9rqPaXgjCK","name":"Sorry","artist":"Halsey"},{"id":"3A7qX2QjDlPnazUsRk5y0M","name":"2U (feat. Justin Bieber)","artist":"David Guetta"},{"id":"02hNDxtMMTpq72rdp1lm6v","name":"4 AM","artist":"2 Chainz"},{"id":"593W4qZOwwdqF6YnimJjL6","name":"Doves In The Wind","artist":"SZA"},{"id":"41jDpQ9b2VnVdsYEy2nC7z","name":"It's A Vibe","artist":"2 Chainz"},{"id":"1u8c2t2Cy7UBoG4ArRcF5g","name":"Blank Space","artist":"Taylor Swift"},{"id":"0cqRj7pUJDkTCEsJkx8snD","name":"Shake It Off","artist":"Taylor Swift"},{"id":"6gU9OKjOE7ghfEd55oRO57","name":"The Weekend","artist":"SZA"},{"id":"0VhgEqMTNZwYL1ARDLLNCX","name":"Can I Be Him","artist":"James Arthur"},{"id":"4A4A6dwl5DqdqrZaEtKGPR","name":"Wildest Dreams","artist":"Taylor Swift"},{"id":"5wTVNpi5WDByxBgKgUE6MU","name":"Supermodel","artist":"SZA"},{"id":"2fXwCWkh6YG5zU1IyvQrbs","name":"Broken Clocks","artist":"SZA"},{"id":"2NlmmAjGYrrjAp0MED5rGx","name":"Bad Blood","artist":"Taylor Swift"},{"id":"0ug5NqcwcFR2xrfTkc7k8e","name":"Style","artist":"Taylor Swift"},{"id":"2cnKEkpVUSV4wnjQiTWfH6","name":"Escápate Conmigo","artist":"Wisin"},{"id":"06u5LrUpbosQlQ1QJFhPpG","name":"Drew Barrymore","artist":"SZA"},{"id":"2RwmsAOxtiRezQPmvyejb8","name":"Ex Calling","artist":"6LACK"},{"id":"5SFTZsHW3HdCp9f1zbzitS","name":"Revenge","artist":"XXXTENTACION"},{"id":"1jYiIOC5d6soxkJP81fxq2","name":"I'm the One","artist":"DJ Khaled"},{"id":"1OAh8uOEOvTDqkKFsKksCi","name":"Wild Thoughts","artist":"DJ Khaled"},{"id":"6BaCraQ9xeLYg4Sb9TBT2X","name":"Feels","artist":"Calvin Harris"},{"id":"1nX9KhK3Fff27SnrIor2Yb","name":"4 AM","artist":"2 Chainz"},{"id":"12o6dxWGk29uIAP3OWY0pM","name":"Homemade Dynamite","artist":"Lorde"},{"id":"0dyiHoYbYjYaOEXLpmzQZG","name":"Supercut","artist":"Lorde"},{"id":"7ARveOiD31w2Nq0n5FsSf8","name":"Perfect Places","artist":"Lorde"},{"id":"2mNbgyi0gori4b1rFSPgIb","name":"Sober","artist":"Lorde"},{"id":"25oOaleife6E2MIKmFkPvg","name":"Relationship (feat. Future)","artist":"Young Thug"},{"id":"5q4BpnMrYEFzLO0dYODj6J","name":"The Louvre","artist":"Lorde"},{"id":"2of5xn0GU0TdFneR1saRLH","name":"To the Max","artist":"DJ Khaled"},{"id":"1Qxj5nxpN2zXWYngetSiRi","name":"OG Kush Diet","artist":"2 Chainz"},{"id":"1Dp7JGFNjvg8Nk0CtMCcnr","name":"Hard Feelings/Loveless","artist":"Lorde"},{"id":"2YK01AIIWuywG24gsbuizE","name":"Congratulations - Remix","artist":"Post Malone"},{"id":"193Dm5SqYy3hTSbuzxbwKc","name":"Writer In The Dark","artist":"Lorde"},{"id":"54ucfuN596MU25jQD3KjCL","name":"Sober II (Melodrama)","artist":"Lorde"},{"id":"4gqMQftUs22F8pOGVn5Acr","name":"Reminding Me","artist":"Shawn Hook"},{"id":"5tkDCf3xKRZjT5RbCb3sZB","name":"Big Amount","artist":"2 Chainz"},{"id":"21PYvZScoUng2OZNj21VTh","name":"Trap Check","artist":"2 Chainz"},{"id":"6QgjcU0zLnzq5OrUoSZ3OK","name":"Feel It Still","artist":"Portugal. The Man"},{"id":"67gmXPQZL1ISSh13OJJ1Pu","name":"Blue Cheese","artist":"2 Chainz"},{"id":"64wR8Jdm7ikY3IbJOt5F9Z","name":"Realize","artist":"2 Chainz"},{"id":"7qs2GAglLWfxEfmO8u2u0A","name":"High Without Your Love","artist":"Loote"},{"id":"6lFDB0BFDRV58qaQDX85jV","name":"Liability (Reprise)","artist":"Lorde"},{"id":"15EPc80XuFrb2LmOzGjuRg","name":"Crew","artist":"GoldLink"},{"id":"6Na5uKk5SsqZimk0hAWo8y","name":"Signs","artist":"Drake"},{"id":"5bcTCxgc7xVfSaMV3RuVke","name":"Feels","artist":"Calvin Harris"},{"id":"6LOCAhFzZiavHcLJucLuDy","name":"Don't Quit","artist":"DJ Khaled"},{"id":"6kig1UFggPUyZBCvXD3Wod","name":"No Complaints","artist":"Metro Boomin"},{"id":"2MX30RliaxJDgmQ3C3rrJX","name":"do re mi","artist":"blackbear"},{"id":"6jmngk8Fwup05JZ6kgXEGX","name":"Walking The Wire","artist":"Imagine Dragons"},{"id":"7Fa5UNizycSms5jP3SQD3F","name":"Shining","artist":"DJ Khaled"},{"id":"0iTCmKvuU1ReULiQB0rI7n","name":"Tone it Down (feat. Chris Brown)","artist":"Gucci Mane"},{"id":"15dnkAHcHC0vrIUlbiPiqU","name":"I Don’t Know Why","artist":"Imagine Dragons"},{"id":"6eL1ncVDtQHgSm3E288TS7","name":"Big Fish","artist":"Vince Staples"},{"id":"7lxZbmtC6SkUc2yXBgDOdO","name":"On Everything","artist":"DJ Khaled"},{"id":"4J2RaG4UH2HCThcqzDpeAF","name":"Start Over","artist":"Imagine Dragons"},{"id":"1wC93sZRGcTgKLN2UWRSwW","name":"Perfect Places","artist":"Lorde"},{"id":"2ClE3QfsNx9p0zjPKxmUYq","name":"Iced Out My Arms","artist":"DJ Khaled"},{"id":"54h8xHewdRPnYzmbEHBhOO","name":"I’ll Make It Up To You","artist":"Imagine Dragons"},{"id":"7vAXN57IQ0sj049wZGIboE","name":"Rise Up","artist":"Imagine Dragons"},{"id":"6DxqrwlrHERRkUw9yXIGjd","name":"I Love You so Much","artist":"DJ Khaled"},{"id":"35tWhD29yvWwB0IDRr6zsL","name":"Yeah Right","artist":"Vince Staples"},{"id":"3sJHkcxojoJD2Ytbo1yLLF","name":"Two High","artist":"Moon Taxi"},{"id":"3B54sVLJ402zGa6Xm4YGNe","name":"Unforgettable","artist":"French Montana"},{"id":"5eqK0tbzUPo2SoeZsov04s","name":"Bank Account","artist":"21 Savage"},{"id":"5EnYT6F7wEcdege6mDHEfO","name":"Signs","artist":"Drake"},{"id":"79NlESqzFSW0hdBWgls4FX","name":"Praying","artist":"Kesha"},{"id":"2rb5MvYT7ZIxbKW5hfcHx8","name":"Mi Gente","artist":"J Balvin"},{"id":"0G149jkGWKwrPXUGkEDgWM","name":"Numb","artist":"21 Savage"},{"id":"1CKd1PnqfYx0H12V9MSaIY","name":"Get Low (with Liam Payne)","artist":"Zedd"},{"id":"19HA9J80qZfIkAnp2g8N2S","name":"Famous","artist":"21 Savage"},{"id":"0NiXXAI876aGImAd6rTj8w","name":"Mama","artist":"Jonas Blue"},{"id":"2MnJoNVtf0pw7HUn3I1Tih","name":"Bad Business","artist":"21 Savage"},{"id":"28mrq1UKIVItTbPqyub52b","name":"Close My Eyes","artist":"21 Savage"},{"id":"6gHWMJzCYkbDcsqKHoycJw","name":"FaceTime","artist":"21 Savage"},{"id":"6sBB5CBuzKJhDooro1IraE","name":"Baby Girl","artist":"21 Savage"},{"id":"1GFvYZ72Ca67UG9Kdjjk3C","name":"Thug Life","artist":"21 Savage"},{"id":"1a0wEEHipnBR7WOHFA6ucQ","name":"Who Dat Boy","artist":"Tyler, The Creator"},{"id":"3LRddJIw2ymm1CHIO9xlkC","name":"Bring Dem Things","artist":"French Montana"},{"id":"25C5CowdsfXld2jJanbiex","name":"Sorry Not Sorry","artist":"Demi Lovato"},{"id":"1pGAvZo2axYXAXYiSeYEqY","name":"911 / Mr. Lonely","artist":"Tyler, The Creator"},{"id":"6DLSa36zH0cSTO7bWCCxx0","name":"Nothin New","artist":"21 Savage"},{"id":"2pmYug1wWd0WoK5tpbsbKL","name":"Dead People","artist":"21 Savage"},{"id":"1tlBuoIRrtqFs9bE9dmli5","name":"Extra Luv","artist":"Future"},{"id":"0zcmVx57BsnlYaPu7k2e2e","name":"Whole Lot","artist":"21 Savage"},{"id":"6kl1qtQXQsFiIWRBK24Cfp","name":"RAF","artist":"A$AP Mob"},{"id":"06RzVT7uWMYv2fPTyiOy1m","name":"Money Convo","artist":"21 Savage"},{"id":"1U3XdjHLA6TgpVEGTikNcp","name":"7 Min Freestyle","artist":"21 Savage"},{"id":"6c7D34787LOtPm8tzhsLgH","name":"Rake It Up","artist":"Yo Gotti"},{"id":"56kXYt4KRoUq3rzkPdjquB","name":"Audi.","artist":"Smokepurpp"},{"id":"22eADXu8DfOAUEDw4vU8qy","name":"Ahora Dice","artist":"Chris Jeday"},{"id":"74ODGXs4byLTRdnKGM4s6E","name":"Super Far","artist":"LANY"},{"id":"7rErmb9ztCh29H8nWmavQz","name":"Special","artist":"21 Savage"},{"id":"0w3Q14i073jLoew1hgJkwD","name":"Heartache On The Dance Floor","artist":"Jon Pardi"},{"id":"1eVRnmGhDPATPxz6kqWuCP","name":"Uh Huh","artist":"Julia Michaels"},{"id":"6p5GuyEqQH5pv02ouEyogQ","name":"My Girl","artist":"Dylan Scott"},{"id":"7wwifjNAb172PtDpKK3CoR","name":"V. 3005","artist":"Childish Gambino"},{"id":"4JAyIDXOqNM6qHuZML01uX","name":"","artist":""},{"id":"3RXkboS74UYzN14xTqzPyY","name":"","artist":""},{"id":"3eFJqPe8VUYrABbFjSauuj","name":"","artist":""},{"id":"1vVNlXi8gf8tZ7OhnEs4VE","name":"A Lie","artist":"French Montana"},{"id":"3bVbQvGVIe4n24AzyXovXh","name":"","artist":""},{"id":"2ekn2ttSfGqwhhate0LSR0","name":"New Rules","artist":"Dua Lipa"},{"id":"5JwLhFNrXw49pn3HQqu02G","name":"Summer Bummer (feat. A$AP Rocky & Playboi Carti)","artist":"Lana Del Rey"},{"id":"5wIeuNURiubue1VTcglU57","name":"Woman","artist":"Kesha"},{"id":"7aF09WaavZAmAWuUeYxlYD","name":"Rich Love (with Seeb)","artist":"OneRepublic"},{"id":"6uJwPeBGb3swi85TSr9iIz","name":"Miracles (Someone Special)","artist":"Coldplay"},{"id":"0rlFL6bxIWcCn9gk9GExFA","name":"Love U Better (feat. Lil Wayne & The-Dream)","artist":"Ty Dolla $ign"},{"id":"1JupdHkhDzE4XtrFFe9w6o","name":"No Such Thing as a Broken Heart","artist":"Old Dominion"},{"id":"7EAFj7eJcMF5koWSRJVZcL","name":"The Fighter","artist":"Keith Urban"},{"id":"6De0lHrwBfPfrhorm9q1Xl","name":"Me Rehúso","artist":"Danny Ocean"},{"id":"0XLOf9LhyazPX9Ld8jPiUq","name":"Fetish (feat. Gucci Mane)","artist":"Selena Gomez"},{"id":"7F9vK8hNFMml4GtHsaXui6","name":"Back to You (feat. Bebe Rexha & Digital Farm Animals)","artist":"Louis Tomlinson"},{"id":"60a0Rd6pjrkxjPbaKzXjfq","name":"In The End","artist":"Linkin Park"},{"id":"21yRtB6B8EMounImAfHRCP","name":"Who Dat Boy","artist":"Tyler, The Creator"},{"id":"2nLtzopw4rPReszdYBJU6h","name":"Numb","artist":"Linkin Park"},{"id":"7KA4W4McWYRpgf0fWsJZWB","name":"See You Again","artist":"Tyler, The Creator"},{"id":"4bEcoz1OcfMgUbp2ft8ieQ","name":"911 / Mr. Lonely","artist":"Tyler, The Creator"},{"id":"3HVr6jTVwBHBa2flM0eURR","name":"Glorious (feat. Skylar Grey)","artist":"Macklemore"},{"id":"5QqyRUZeBE04yJxsD1OC0I","name":"Summer Bummer (feat. A$AP Rocky & Playboi Carti)","artist":"Lana Del Rey"},{"id":"5WNYg3usc6H8N3MBEp4zVk","name":"Boredom","artist":"Tyler, The Creator"},{"id":"430qNtapCS3Ue1yoSql1oV","name":"I Ain't Got Time!","artist":"Tyler, The Creator"},{"id":"6KuXb26rHuRy3ZDse1VRmx","name":"Where This Flower Blooms","artist":"Tyler, The Creator"},{"id":"4kfm1uI9QGaoN9qm6CkAMn","name":"What I've Done","artist":"Linkin Park"},{"id":"2771LMNxwf62FTAdpJMQfM","name":"Bodak Yellow","artist":"Cardi B"},{"id":"4L7Y2OAPiY2I2GndZjAs5K","name":"Lust For Life (with The Weeknd)","artist":"Lana Del Rey"},{"id":"33i3xxHB4YSYGYbtJrwwO8","name":"Foreword","artist":"Tyler, The Creator"},{"id":"5SxlUF7J8tyFIEF22EomeP","name":"Pothole","artist":"Tyler, The Creator"},{"id":"6ACiYjq5Q7e6BlhZEHz7cd","name":"Garden Shed","artist":"Tyler, The Creator"},{"id":"3JWh19WsndEFg0UFRFeTiU","name":"Minute","artist":"NAV"},{"id":"6eGMMPRVYzpssGgednRvzU","name":"Cherry","artist":"Lana Del Rey"},{"id":"39u2PsqrAZpZ0KPx6CjasV","name":"Droppin' Seeds","artist":"Tyler, The Creator"},{"id":"03hqMhmCZiNKMSPmVabPLP","name":"Groupie Love (feat. A$AP Rocky)","artist":"Lana Del Rey"},{"id":"4mq14Qa6OehdiyZFtHcdCH","name":"13 Beaches","artist":"Lana Del Rey"},{"id":"4KgTrzmfiWNcVneh2Dd1Ou","name":"Sometimes...","artist":"Tyler, The Creator"},{"id":"4xyNG8vZR3g8FnphVkbjRo","name":"Love","artist":"Lana Del Rey"},{"id":"3K4HG9evC7dg3N0R9cYqk4","name":"One Step Closer","artist":"Linkin Park"},{"id":"3xXBsjrbG1xQIm1xv1cKOt","name":"One More Light","artist":"Linkin Park"},{"id":"5sNESr6pQfIhL3krM8CtZn","name":"Numb / Encore","artist":"JAY Z"},{"id":"7sLDnUauivS2vN6Z9EfUJT","name":"1942 Flows","artist":"Meek Mill"},{"id":"4XDpeWqPADoWRKcUY3dC84","name":"November","artist":"Tyler, The Creator"},{"id":"6yMxfx9wpiuhhdb8vHDVMu","name":"Whatever You Need (feat. Chris Brown & Ty Dolla $ign)","artist":"Meek Mill"},{"id":"2IjgKCbrk8CtqmsOC5DhVd","name":"Fuck That Check Up (feat. Lil Uzi Vert)","artist":"Meek Mill"},{"id":"0qtK3XwbuG153dmwB8iepL","name":"Glitter","artist":"Tyler, The Creator"},{"id":"4EbULzyWMuFx94aoIY1MlJ","name":"A$AP Ferg","artist":"NAV"},{"id":"269xqcgGTN9PlivhUkOLhX","name":"In My Feelings","artist":"Lana Del Rey"},{"id":"57BrRMwf9LrcmuOsyGilwr","name":"Crawling","artist":"Linkin Park"},{"id":"2Pn76oik9rWyoBShTSNY9Q","name":"White Mustang","artist":"Lana Del Rey"},{"id":"3O7p9Itz8PXUoAjD2vmuM6","name":"Beautiful People Beautiful Problems (feat. Stevie Nicks)","artist":"Lana Del Rey"},{"id":"1xpXnpIpuvzpx9jz15baJF","name":"Call Me","artist":"NAV"},{"id":"1839RWzPRZCVgvamu4sHSN","name":"All My Love (feat. Conor Maynard)","artist":"Cash Cash"},{"id":"4Yf5bqU3NK4kNOypcrLYwU","name":"Faint","artist":"Linkin Park"},{"id":"3agtg0x11wPvLIWkYR39nZ","name":"Somewhere I Belong","artist":"Linkin Park"},{"id":"3qmvK8QARSPkFTuKeIXSbs","name":"Bleed It Out","artist":"Linkin Park"},{"id":"2sBHQfX9QxJwGcdutAj6Pj","name":"Wins & Losses","artist":"Meek Mill"},{"id":"650OeHTLxZAQmb4aEbGmaA","name":"Good Goodbye (feat. Pusha T and Stormzy)","artist":"Linkin Park"},{"id":"1Vej0qeQ3ioKwpI6FUbRv1","name":"Papercut","artist":"Linkin Park"},{"id":"1GOuHB20lqVyxv3GdxovPY","name":"Issues","artist":"Meek Mill"},{"id":"3PEgB3fkiojxms35ntsTgs","name":"More Than You Know","artist":"Axwell /\\ Ingrosso"},{"id":"6D0b04NJIKfEMg040WioJQ","name":"Issues","artist":"Julia Michaels"},{"id":"0ZiRSqlSsDlY0UyDYU9CTE","name":"Unforgettable","artist":"Thomas Rhett"},{"id":"4AFgK4wP1iD5i8BYaLr9Vf","name":"You Da Baddest","artist":"Future"},{"id":"57p8CBvPOxrvyCbn6ttl5r","name":"Would You Ever","artist":"Skrillex"},{"id":"3JKhmIlixlYwFLzrkc6drb","name":"Learn To Let Go","artist":"Kesha"},{"id":"5o4yGlG0PfeVUa6ClIyOxq","name":"Boys","artist":"Charli XCX"},{"id":"2jYmK1cb3Uya6FFsocdpzO","name":"Why","artist":"Sabrina Carpenter"},{"id":"3I7krC8kr0gFR7P6vInR1I","name":"Do I Make You Wanna","artist":"Billy Currington"},{"id":"0RYXEibxMami3QuT8kn4Iz","name":"Marmalade (feat. Lil Yachty)","artist":"Macklemore"},{"id":"4HW5kSQ8M2IQWZhSxERvla","name":"Spice Girl","artist":"Aminé"},{"id":"4QeBlVCl2KzUEcQZiuskRd","name":"Sway (feat. Quavo & Lil Yachty)","artist":"NexXthursday"},{"id":"53mrVsi49rLHIaKBiSvElG","name":"do re mi (feat. Gucci Mane)","artist":"blackbear"},{"id":"0WyFpxYlBCgH1gMXd26OOr","name":"Flatliner (feat. Dierks Bentley)","artist":"Cole Swindell"},{"id":"0jdny0dhgjUwoIp5GkqEaA","name":"Praying","artist":"Kesha"},{"id":"7vGuf3Y35N4wmASOKLUVVU","name":"Silence","artist":"Marshmello"},{"id":"2nYwV62UABTH0NanrwVIdQ","name":"Perplexing Pegasus","artist":"Rae Sremmurd"},{"id":"0ofbQMrRDsUaVKq2mGLEAb","name":"Havana","artist":"Camila Cabello"},{"id":"2OALaHcDdKkjYEpAr0Qzab","name":"Lonely Together (feat. Rita Ora)","artist":"Avicii"},{"id":"6WbADFqMvR8N5u0BvtsWQE","name":"Without You (feat. Sandro Cavazza)","artist":"Avicii"},{"id":"4xBjsLUSjcx2h7PcRikpQp","name":"OMG","artist":"Camila Cabello"},{"id":"0xG0SHshCStMEyNbNC5d4k","name":"Issues","artist":"Julia Michaels"},{"id":"76lgcpdPtw5hHu3A6LuGZe","name":"Small Town Boy","artist":"Dustin Lynch"},{"id":"1g1TeDflB6atAy7HKwrzXu","name":"Learn To Let Go","artist":"Kesha"},{"id":"31MkGwj0SWgZaTvEt5Hgxv","name":"What About Us","artist":"P!nk"},{"id":"1JuChOEPH0Rceq573FGQSK","name":"Hymn","artist":"Kesha"},{"id":"7F1LWA9sIlTorHUo4amGqk","name":"Reminder - Remix","artist":"The Weeknd"},{"id":"1kJtfldK9F7XmsSiSNlbth","name":"Woman","artist":"Kesha"},{"id":"33z5crv3IO5U2BOi8xod92","name":"Something New (feat. Ty Dolla $ign)","artist":"Wiz Khalifa"},{"id":"6RFGykMl5wP1gMPccCY9oB","name":"Dance With The Devil","artist":"Gucci Mane"},{"id":"5RCfvwDewu6p2x1mEI6smX","name":"The Race","artist":"Tay-K"},{"id":"1nxufatvWIGPPBtPACXzu8","name":"Let 'Em Talk","artist":"Kesha"},{"id":"2Tuc96S4JToUiQSLW3aMec","name":"Rainbow","artist":"Kesha"},{"id":"09KlDlkOYuC5x6hOaM7vaP","name":"Angel","artist":"Fifth Harmony"},{"id":"1mMLMZYXkMueg65jRRWG1l","name":"When It Rains It Pours","artist":"Luke Combs"},{"id":"7nZmah2llfvLDiUjm0kiyz","name":"Friends (with BloodPop®)","artist":"Justin Bieber"},{"id":"1HTtUBEY3tuw2btgwwI2Ja","name":"I Get The Bag (feat. Migos)","artist":"Gucci Mane"},{"id":"40oKW22ZNNkEdZLJTScaQI","name":"Roll In Peace (feat. XXXTENTACION)","artist":"Kodak Black"},{"id":"5XQMr19TL7Mfksq9zihbOu","name":"Questions","artist":"Chris Brown"},{"id":"0B48113ZG9UfkWWt7qD9xX","name":"Younger Now","artist":"Miley Cyrus"},{"id":"7Jd3almoehzurMOYuy2eIE","name":"Built My Legacy (feat. Offset)","artist":"Kodak Black"},{"id":"1WIZiOuNO3woKfdlSK2gNn","name":"Transportin'","artist":"Kodak Black"},{"id":"4GFYhFM3OfFjyt1U0DaCVT","name":"Get to the Money","artist":"Chad Focus"},{"id":"4CHp6dRZTeFAu4bSOxfH7Y","name":"Boss","artist":"Lil Pump"},{"id":"3CbZJbqh43varroTwUlwSB","name":"D Rose","artist":"Lil Pump"},{"id":"6uFsE1JgZ20EXyU0JQZbUR","name":"Look What You Made Me Do","artist":"Taylor Swift"},{"id":"7GX5flRQZVHRAGd6B4TmDO","name":"XO TOUR Llif3","artist":"Lil Uzi Vert"},{"id":"7m9OqQk4RVRkw9JJdeAw96","name":"Jocelyn Flores","artist":"XXXTENTACION"},{"id":"7AQim7LbvFVZJE3O8TYgf2","name":"Fuck Love (feat. Trippie Redd)","artist":"XXXTENTACION"},{"id":"2eAZfqOm4EnOF9VvN50Tyc","name":"The Way Life Goes (feat. Oh Wonder)","artist":"Lil Uzi Vert"},{"id":"3GVkPk8mqxz0itaAriG1L7","name":"Everybody Dies In Their Nightmares","artist":"XXXTENTACION"},{"id":"1uL78kFWxhz3umTMWJu8n5","name":"Sauce It Up","artist":"Lil Uzi Vert"},{"id":"5TXDeTFVRVY7Cvt0Dw4vWW","name":"Revenge","artist":"XXXTENTACION"},{"id":"1QgTBfRN5m81a5K01qens6","name":"444+222","artist":"Lil Uzi Vert"},{"id":"5tRmoZRoupvMYPV1oezFrH","name":"X","artist":"Lil Uzi Vert"},{"id":"2H3wWrnO758y0fPH7Ilerg","name":"Depression & Obsession","artist":"XXXTENTACION"},{"id":"2yZax79pOrYuyIFVW2cZY2","name":"Carry On","artist":"XXXTENTACION"},{"id":"2UwbhMie1EAYuTZ0QXeMwl","name":"Save Me","artist":"XXXTENTACION"},{"id":"65kp3OFn7JXbCvkm3m2Ui2","name":"Two®","artist":"Lil Uzi Vert"},{"id":"3tcoEYOZUHKB3RKNByIN13","name":"For Real","artist":"Lil Uzi Vert"},{"id":"5O8x1YlmLQopQHErxtDfi9","name":"UnFazed (feat. The Weeknd)","artist":"Lil Uzi Vert"},{"id":"1MJErNPIQUoEMu4YUUmecm","name":"Neon Guts (feat. Pharrell Williams)","artist":"Lil Uzi Vert"},{"id":"05bnEv2dpFzmGVLGdjD9UP","name":"Orlando","artist":"XXXTENTACION"},{"id":"2vQwlW8H1jFveGNXwZfJCV","name":"Dead Inside (Interlude)","artist":"XXXTENTACION"},{"id":"0QV16pno66L6K3fn4W13b7","name":"No Sleep Leak","artist":"Lil Uzi Vert"},{"id":"2ZdCrBA52bb4pIG3tOOZiQ","name":"Dark Queen","artist":"Lil Uzi Vert"},{"id":"5Y3Tj0wJhKAaPbwWxXxZGS","name":"Feelings Mutual","artist":"Lil Uzi Vert"},{"id":"20H2Hd5AkUcRjB4yL3UQtJ","name":"Down","artist":"Fifth Harmony"},{"id":"5xbrhx2tMMcN68IT3cJbhS","name":"Ayala (Outro)","artist":"XXXTENTACION"},{"id":"14nAQy3fHVzDb7LKxpS7Ld","name":"Pretty Mami","artist":"Lil Uzi Vert"},{"id":"0ro5QCkSCtbfhMHnvMase3","name":"How To Talk","artist":"Lil Uzi Vert"},{"id":"0VJYhKhrHgJ7fgjGaC2k07","name":"The Explanation","artist":"XXXTENTACION"},{"id":"57nQyFocXZrKvWg5ZPYSoG","name":"Malfunction","artist":"Lil Uzi Vert"},{"id":"2O1qYJTA2BI5ypFFqEZhh4","name":"Early 20 Rager","artist":"Lil Uzi Vert"},{"id":"4pdgV8qr9Oytcv6thCdiIZ","name":"RAF","artist":"A$AP Mob"},{"id":"1DRW9bQzt2SE8f7H4KJZyL","name":"Sky Walker","artist":"Miguel"},{"id":"0m2orA1i5lLZUOt9XLwSd0","name":"He Like That","artist":"Fifth Harmony"},{"id":"4dVpf9jZjcORqGTLUaeYj9","name":"Plain Jane","artist":"A$AP Ferg"},{"id":"1tyjWMMINb9S0YBynTvJ7s","name":"No Flag","artist":"London On Da Track"},{"id":"0OlS52TmtK2gPaEtdmr7DN","name":"No Such Thing as a Broken Heart","artist":"Old Dominion"},{"id":"65MOTX6uSFAnqXl7dlAuId","name":"Tell Me You Love Me","artist":"Demi Lovato"},{"id":"3LyNsopPP3hXf8bZBE7cDk","name":"Please Shut Up","artist":"A$AP Mob"},{"id":"3zoYkqS4y2BsGVShPL2nTE","name":"Reggaetón Lento (Remix) [CNCO & Little Mix]","artist":"CNCO"},{"id":"7zFXmv6vqI4qOt4yGf3jYZ","name":"Get You (feat. Kali Uchis)","artist":"Daniel Caesar"},{"id":"0WQcnrsEqrY2e5nexGe3HX","name":"Walk On Water","artist":"A$AP Mob"},{"id":"6875MeXyCW0wLyT72Eetmo","name":"Starving","artist":"Hailee Steinfeld"},{"id":"4U9arGcc4ATa7shChhLQP0","name":"Walk On Water","artist":"Thirty Seconds To Mars"},{"id":"0Z9HQ8YvHqdeOjTwsR3cS7","name":"Two High","artist":"Moon Taxi"},{"id":"7zgqtptZvhf8GEmdsM2vp2","name":"...Ready For It?","artist":"Taylor Swift"},{"id":"4mxWSdf71VFO52qFeY0fZt","name":"What Lovers Do (feat. SZA)","artist":"Maroon 5"},{"id":"6eUncuJutsFi9BGO1JaBHh","name":"If I'm Lucky","artist":"Jason Derulo"},{"id":"0AICBlLzFCTpUqmAbtzB2z","name":"Love Scars","artist":"Trippie Redd"},{"id":"6R6ihJhRbgu7JxJKIbW57w","name":"Provider","artist":"Frank Ocean"},{"id":"6foxplXS0YEq8cO374Lty4","name":"Gucci Gang","artist":"Lil Pump"},{"id":"2Es3LsoQwFJNfpQYRWxfS9","name":"Tu Sabes Que Te Quiero","artist":"Chucho Flash"},{"id":"0mel2N9Ws9r4yLQn5QE21Y","name":"Too Good At Goodbyes - Edit","artist":"Sam Smith"},{"id":"19WjVVgXjdKXfLXoaDPwTM","name":"...Ready For It?","artist":"Taylor Swift"},{"id":"1j4kHkkpqZRBwE0A4CN4Yv","name":"Dusk Till Dawn - Radio Edit","artist":"ZAYN"},{"id":"30MM5jWpUmOxtTNd9Ey5LZ","name":"Unforgettable","artist":"Thomas Rhett"},{"id":"5Gu0PDLN4YJeW75PpBSg9p","name":"Let Me Go (with Alesso, Florida Georgia Line & watt)","artist":"Hailee Steinfeld"},{"id":"2Xqd0wUttjueBfdcltADOv","name":"No Limit","artist":"G-Eazy"},{"id":"2d48mamATjby7wgPjdrSOQ","name":"Craving You","artist":"Thomas Rhett"},{"id":"2YMhrXQYKkm4kXLcXKKd5z","name":"Small Town Boy","artist":"Dustin Lynch"},{"id":"0wyja8xD9cNhDtfuY0dVMP","name":"Leave Right Now","artist":"Thomas Rhett"},{"id":"7iDa6hUg2VgEL1o1HjmfBn","name":"Meant to Be (feat. Florida Georgia Line)","artist":"Bebe Rexha"},{"id":"4Vxu50qVrQcycjRyJQaZLC","name":"Life Changes","artist":"Thomas Rhett"},{"id":"0OWZFobGSIW9GrSlQ9C5pc","name":"Marry Me","artist":"Thomas Rhett"},{"id":"3pJkBPHadRAxBBo484RipI","name":"Sixteen","artist":"Thomas Rhett"},{"id":"6y6jbcPG4Yn3Du4moXaenr","name":"Idfc","artist":"blackbear"},{"id":"6oNZ0WxqptE7V0qpjtyJ4a","name":"Falls (feat. Sasha Sloan)","artist":"ODESZA"},{"id":"0o7glLPfZgns8ZF14Wlpf7","name":"Love So Soft","artist":"Kelly Clarkson"},{"id":"5geeTRRcsIg0MS5TvtBtHU","name":"Crew REMIX","artist":"GoldLink"},{"id":"1OmcAT5Y8eg5bUPv9qJT4R","name":"rockstar","artist":"Post Malone"},{"id":"2fQrGHiQOvpL9UgPvtYy6G","name":"Bank Account","artist":"21 Savage"},{"id":"0CokSRCu5hZgPxcZBaEzVE","name":"Glorious (feat. Skylar Grey)","artist":"Macklemore"},{"id":"75ZvA4QfFiZvzhj2xkaWAh","name":"I Fall Apart","artist":"Post Malone"},{"id":"5AEtlRudpgdT5FtNiuly6Y","name":"Let Me Go (with Alesso, Florida Georgia Line & watt)","artist":"Hailee Steinfeld"},{"id":"5SE57ljOIUJ1ybL9U6CuBH","name":"DNA","artist":"BTS"},{"id":"7rdUtXasA973gmrr2Xxh3E","name":"Homemade Dynamite (Feat. Khalid, Post Malone & SZA) - REMIX","artist":"Lorde"},{"id":"1tp1xMJ1uaOktksskS0Fzs","name":"Curve (feat. The Weeknd)","artist":"Gucci Mane"},{"id":"2Za1AlJNvksouPPWbXpR2X","name":"Good Old Days (feat. Kesha)","artist":"Macklemore"},{"id":"7yeNCRqvnoAskALhUuSxwi","name":"Say A'","artist":"A Boogie Wit da Hoodie"},{"id":"3hRZsdTF5uyGA2uhNqEuhm","name":"Too Much To Ask","artist":"Niall Horan"},{"id":"0Wv5wuenRLI3BcwgT3HPIP","name":"A Different Way (with Lauv)","artist":"DJ Snake"},{"id":"7cQMJ0wDqVS5iM0JIvP6Ay","name":"The Last Of The Real Ones","artist":"Fall Out Boy"},{"id":"6M0IsaUX4GNyto4niSegfI","name":"No Option","artist":"Post Malone"},{"id":"7bsnTsbiwOymZWjPF9v6Di","name":"Marmalade (feat. Lil Yachty)","artist":"Macklemore"},{"id":"3WNx4pJLzQgYapuBWS4mUG","name":"Shooters","artist":"Tory Lanez"},{"id":"4UdzNCjI27SvzXvV1m0CKM","name":"Bust Down","artist":"Trippie Redd"},{"id":"2S2od3hT7ceytw7d1pTRuE","name":"Again","artist":"Noah Cyrus"},{"id":"3gfmFoJgmn9LiIj5mV8oSS","name":"I Just Can't","artist":"R3HAB"},{"id":"0Zbbxnx4SGGHoIow4PpISP","name":"Stargazing","artist":"Kygo"},{"id":"0kdiUZDcLIFw0Buo9r0Q4z","name":"Greatest Love Story","artist":"LANCO"},{"id":"2tdq0CeAGSfhI2l4Gwkvgx","name":"Best Of Me","artist":"BTS"},{"id":"1mqlc0vEP9mU1kZgTi6LIQ","name":"September","artist":"Earth, Wind & Fire"},{"id":"3m660poUr1chesgkkjQM7P","name":"Sorry Not Sorry","artist":"Demi Lovato"},{"id":"7fwXWKdDNI5IutOMc5OKYw","name":"Mi Gente (feat. Beyoncé)","artist":"J Balvin"},{"id":"1f5cbQtDrykjarZVrShaDI","name":"Drowning (feat. Kodak Black)","artist":"A Boogie Wit da Hoodie"},{"id":"69Naniu2KjKjaQOBUagE8U","name":"Homemade Dynamite (Feat. Khalid, Post Malone & SZA) - REMIX","artist":"Lorde"},{"id":"3AMnOVxEHUgVrythGgqPhI","name":"Say A'","artist":"A Boogie Wit da Hoodie"},{"id":"2vaMWMPMgsWX4fwJiKmdWm","name":"Undefeated (feat. 21 Savage)","artist":"A Boogie Wit da Hoodie"},{"id":"4pYZLpX23Vx8rwDpJCpPTA","name":"New Freezer (feat. Kendrick Lamar)","artist":"Rich The Kid"},{"id":"7floNISpH8VF4z4459Qo18","name":"Look At Me!","artist":"XXXTENTACION"},{"id":"5tVA6TkbaAH9QMITTQRrNv","name":"Free Fallin'","artist":"Tom Petty"},{"id":"1AH60dMaEfNjzDoUIFwIQi","name":"Beast Mode (feat. PnB Rock & YoungBoy Never Broke Again)","artist":"A Boogie Wit da Hoodie"},{"id":"1UZOjK1BwmwWU14Erba9CZ","name":"Malibu","artist":"Miley Cyrus"},{"id":"7MRyJPksH3G2cXHN8UKYzP","name":"American Girl","artist":"Tom Petty and the Heartbreakers"},{"id":"3V6c2SccJOuAez9YbpALf8","name":"Ill Nana (feat. Trippie Redd)","artist":"DRAM"},{"id":"2INqEk4ko5AsGVLBsiKiQe","name":"Audi.","artist":"Smokepurpp"},{"id":"4YkwUfWSIxdKNLDXw0caFO","name":"Pills & Automobiles","artist":"Chris Brown"},{"id":"6rdEEYHsLavlklAypD5cre","name":"Runnin' Down A Dream","artist":"Tom Petty"},{"id":"7gSQv1OHpkIoAdUiRLdmI6","name":"I Won't Back Down","artist":"Tom Petty"},{"id":"5xS9hkTGfxqXyxX6wWWTt4","name":"Mary Jane's Last Dance","artist":"Tom Petty and the Heartbreakers"},{"id":"3gWu8y0TKCIdy2mpTqVnTl","name":"Let You Down","artist":"NF"},{"id":"1vc2YF7ZvUtwr45HNpdGch","name":"Numb","artist":"21 Savage"},{"id":"7oK9VyNzrYvRFo7nQEYkWN","name":"Mr. Brightside","artist":"The Killers"},{"id":"7wGoVu4Dady5GV0Sv4UIsx","name":"rockstar","artist":"Post Malone"},{"id":"43ZyHQITOjhciSUUNPVRHc","name":"Gucci Gang","artist":"Lil Pump"},{"id":"0D8ZpOXVjapLXrjz5VfZSD","name":"Pray","artist":"Sam Smith"},{"id":"52okn5MNA47tk87PeZJLEL","name":"Let You Down","artist":"NF"},{"id":"32DGGj6KlNuBr6WaqRxpxi","name":"How Long","artist":"Charlie Puth"},{"id":"1rsAFUCa6BVMgRQ3FCQQsi","name":"Boss","artist":"Lil Pump"},{"id":"2uSLx5uwRIhiA3sJJraNqX","name":"Help Me Out (with Julia Michaels)","artist":"Maroon 5"},{"id":"1fEl5TPKRJAsuP6TqZ23hB","name":"D Rose","artist":"Lil Pump"},{"id":"2hJWZvTw4QVBwC14ZNs1Ib","name":"Flex Like Ouu","artist":"Lil Pump"},{"id":"2ZE3DJuizYTad2S4CvRRhK","name":"Easy Love","artist":"Lauv"},{"id":"3uFmweGlFudKNiX13XFwFm","name":"Molly","artist":"Lil Pump"},{"id":"32zhF8yXc1lej5EcudJXp7","name":"Back (feat. Lil Yachty)","artist":"Lil Pump"},{"id":"3vWxQ6wOfMr8zH1u7pVFI6","name":"Bust Down","artist":"Trippie Redd"},{"id":"6SKYMNROdeh9V601G6pPn5","name":"Blue Pill","artist":"Metro Boomin"},{"id":"1iDPB2WNsGEWuKycQyDGn6","name":"Crazy","artist":"Lil Pump"},{"id":"1c5Lbn9mYwNYbnNiizw6D0","name":"Iced Out (feat. 2 Chainz)","artist":"Lil Pump"},{"id":"4at9j7aC7FvDlsllpOvsAC","name":"What U Sayin' (feat. Smokepurpp)","artist":"Lil Pump"},{"id":"25wStx3LyTjYmHTd3RDu0t","name":"Ex (feat. YG)","artist":"Ty Dolla $ign"},{"id":"1XRgIKC5TPwo7nWGyKqgG0","name":"I Get The Bag (feat. Migos)","artist":"Gucci Mane"},{"id":"6mrKP2jyIQmM0rw6fQryjr","name":"Let You Down","artist":"NF"},{"id":"0Qh38w01QRXK6KHIv0e3hb","name":"What About Us","artist":"P!nk"},{"id":"2yuyaYAELoMG4ApV5wJsWR","name":"Curve (feat. The Weeknd)","artist":"Gucci Mane"},{"id":"17DjWsC0G9YQtAiepG3c5v","name":"Stunting Ain't Nuthin (feat. Slim Jxmmi & Young Dolph)","artist":"Gucci Mane"},{"id":"0luqG2fhUz17ncifrWqrut","name":"Real Thing (feat. Future)","artist":"Tory Lanez"},{"id":"6rZFgf3CfLfjDrm10bbfrR","name":"Rubbin off the Paint","artist":"YBN Nahmir"},{"id":"5uu28fUesZMl89lf9CLrgN","name":"Feels Great (feat. Fetty Wap & CVBZ)","artist":"Cheat Codes"},{"id":"17HlhTU351nr8MncIGppDk","name":"Enormous (feat. Ty Dolla $ign)","artist":"Gucci Mane"},{"id":"5075foWfaIxJZr3hGMopXO","name":"Deserve (feat. Travis Scott)","artist":"Kris Wu"},{"id":"3l4ha5okkyLgMAFIKRSNVG","name":"Tone it Down (feat. Chris Brown)","artist":"Gucci Mane"},{"id":"2XdgSB4TtzUHQYCMfSHbFI","name":"High End","artist":"Chris Brown"},{"id":"3al2hpm92xE0pBalqWQHdD","name":"Betrayed","artist":"Lil Xan"},{"id":"3OEttNsQ5wxgDMAtvhErnp","name":"Work In Progress (Intro)","artist":"Gucci Mane"},{"id":"1m69ELEgE6k5ZWsap40ozt","name":"Se Preparó","artist":"Ozuna"},{"id":"5Gd19NupVe5X8bAqxf9Iaz","name":"Gorgeous","artist":"Taylor Swift"},{"id":"7r6LNJT2LqpLpEyZQJPygt","name":"Patek Water","artist":"Future"},{"id":"3lyeSiAIdLoZUHhV8psOTI","name":"Feed Me Dope","artist":"Future"},{"id":"42CeaId2XNlxugDvyqHfDf","name":"Candy Paint","artist":"Post Malone"},{"id":"38yBBH2jacvDxrznF7h08J","name":"Slow Hands","artist":"Niall Horan"},{"id":"1pZdegOXTZ2ftINo3oUuRZ","name":"Bedroom Floor","artist":"Liam Payne"},{"id":"4v094LQ9eF10k2O2Te2ngK","name":"Too Much To Ask","artist":"Niall Horan"},{"id":"2UxfcZJCphbEkfbZ6nLiDx","name":"Kids in Love","artist":"Kygo"},{"id":"06Gyf2pFDVmN5K8XAawG96","name":"No Cap","artist":"Future"},{"id":"3IJ6BBFLD2I2CH3hHFQj3O","name":"4 da Gang","artist":"Future"},{"id":"1wWRtPIKD7ZNvtsrzLyTev","name":"All da Smoke","artist":"Future"},{"id":"4tERsdVCLtLtrGdFBf9DGC","name":"New","artist":"Daya"},{"id":"6NWl2m8asvH83xjuXVNsuG","name":"Betrayed","artist":"Lil Xan"},{"id":"4W598w0KcHVG5Nwqk0qMpj","name":"Three","artist":"Future"},{"id":"7EmGUiUaOSGDnUUQUDrOXC","name":"Wolves","artist":"Selena Gomez"},{"id":"3C4FUqrrjuvWoHwsumWfIu","name":"Cruise Ship","artist":"Young Thug"},{"id":"3UwT4FadEGWyMdaSwYcUBY","name":"This Town","artist":"Niall Horan"},{"id":"2ya9d4B06EQ8Fpj5SSqiTH","name":"Drip on Me","artist":"Future"},{"id":"5b06JZjts6dgyyuY1m7roq","name":"200","artist":"Future"},{"id":"65wnZsZLKJimfK1cTFOfa1","name":"Seeing Blind","artist":"Niall Horan"},{"id":"0jPLBur1qXRfj3pbuJSX03","name":"Killed Before","artist":"Young Thug"},{"id":"1OwNWr75pNTyhifOTT0uIG","name":"Real Love","artist":"Future"},{"id":"4OEOEsOhlzDqQuewiuPJAc","name":"Whiskey (feat. A$AP Rocky)","artist":"Maroon 5"},{"id":"1KF7iLK6wK3hjjtqxjRiym","name":"Mink Flow","artist":"Future"},{"id":"6waqLPcT6ruMhmd36OhmFO","name":"Losing Sleep","artist":"Chris Young"},{"id":"1YZfcVLbbJwfizR5cDOp3q","name":"MotorSport","artist":"Migos"},{"id":"5u6vkDnOyaf8LsteDAj2ub","name":"Ghostface Killers","artist":"21 Savage"},{"id":"4knL4iPxPOZjQzTUlELGSY","name":"Rake It Up","artist":"Yo Gotti"},{"id":"7sO5G9EABYOXQKNPNiE9NR","name":"Ric Flair Drip","artist":"Offset"},{"id":"0tdCy39PgWN8LFWu34ORn3","name":"Rap Saved Me","artist":"21 Savage"},{"id":"3S2R0EVwBSAVMd5UMgKTL0","name":"Thriller","artist":"Michael Jackson"},{"id":"3ojTJaonfkL96iIWa47SU3","name":"Questions","artist":"Chris Brown"},{"id":"2xmrfQpmS2iJExTlklLoAL","name":"I Miss You (feat. Julia Michaels)","artist":"Clean Bandit"},{"id":"5gx2E5aIXMRBellPZW1up5","name":"Pills & Automobiles","artist":"Chris Brown"},{"id":"2D2w9943rsnJOGCrI4aMQp","name":"My Choppa Hate Niggas","artist":"21 Savage"},{"id":"0taOCiup4HNG9LmbduVlJj","name":"Rubbin Off The Paint","artist":"YBN Nahmir"},{"id":"7y4JznkAv2W3IKw9T1o2VK","name":"New","artist":"Daya"},{"id":"7LAhKXDNWwq3CmnFP3UIOP","name":"Nightmare","artist":"Offset"},{"id":"3oxCefEI6Tc6Z6t20J4IvH","name":"Disrespectful","artist":"21 Savage"},{"id":"6HR1z11h0ROUlWP4Kx8Z7G","name":"Mad Stalkers","artist":"21 Savage"},{"id":"270aLuFCbX32hhBr8MQyPM","name":"Love U Better (feat. Lil Wayne & The-Dream)","artist":"Ty Dolla $ign"},{"id":"5PIB8aoUJoCRh1O5TEGdOj","name":"Ghostbusters","artist":"Ray Parker, Jr."},{"id":"2EPbvVyo2qrrmeiEm57Cfl","name":"Don't Judge Me (feat. Future and Swae Lee)","artist":"Ty Dolla $ign"},{"id":"3ncgNpxLoBQ65ABk4djDyd","name":"Pick It Up (feat. A$AP Rocky)","artist":"Famous Dex"},{"id":"7vbjH8laThXpcBXeLNPm3M","name":"Run Up the Racks","artist":"21 Savage"},{"id":"2c5D6B8oXAwc6easamdgVA","name":"Don't Sleep On Me (feat. Future and 24hrs)","artist":"Ty Dolla $ign"},{"id":"0xxZY5C9xxij3D1HkzbnfC","name":"Monster Mash","artist":"Bobby \"Boris\" Pickett & The Crypt-Kickers"},{"id":"6m6Oy3F6GG0zRwH03rWmTv","name":"Still Serving","artist":"21 Savage"},{"id":"1Mb187X5w3OUQNH6P5M28Y","name":"Ex (feat. YG)","artist":"Ty Dolla $ign"},{"id":"7FzhZ7C3NhM1UyqSHV9ytY","name":"Burning","artist":"Sam Smith"},{"id":"7vg47qMIEdLfNdTE3WLf0T","name":"Darth Vader","artist":"21 Savage"},{"id":"1mXVgsBdtIVeCLJnSnmtdV","name":"Too Good At Goodbyes","artist":"Sam Smith"},{"id":"3hBBKuWJfxlIlnd9QFoC8k","name":"What Lovers Do (feat. SZA)","artist":"Maroon 5"},{"id":"0tDfp0vFR95Gg6Mrhza3lX","name":"Call It What You Want","artist":"Taylor Swift"},{"id":"7DsX5K72fewVGb47qj7Tbg","name":"Pray","artist":"Sam Smith"},{"id":"4lUnFLtn8w3W76FiYDRzmO","name":"Wait","artist":"Maroon 5"},{"id":"2mb6YdoavL6db22p7XKJQZ","name":"Burning","artist":"Sam Smith"},{"id":"6tUgfsOa8PLkoede5nOR7D","name":"Lemon","artist":"N.E.R.D"},{"id":"0Gux2yTMWYOlcBUNjGJu5p","name":"Pull Up N Wreck (With Metro Boomin)","artist":"Big Sean"},{"id":"4K1vOdIFqskQv3zoI0FdAk","name":"Say It First","artist":"Sam Smith"},{"id":"4S2WtfT03YDIlXEwSX4Tjd","name":"Nothing Left For You","artist":"Sam Smith"},{"id":"01uk7IzZyFNfQTDBXxx6NB","name":"One Last Song","artist":"Sam Smith"},{"id":"0VgkVdmE4gld66l8iyGjgx","name":"Mask Off","artist":"Future"},{"id":"6GNifiuBPrKFpwNBYnooFm","name":"The Way Life Goes (feat. Nicki Minaj & Oh Wonder) - Remix","artist":"Lil Uzi Vert"},{"id":"1A85fOmviQuGgkF6Lww6Nd","name":"Midnight Train","artist":"Sam Smith"},{"id":"5ZX1X9Rl4zbx1Wwyn3idVD","name":"No Peace","artist":"Sam Smith"},{"id":"3AFPGvRzeKeNJbIbLwcz4G","name":"HIM","artist":"Sam Smith"},{"id":"1p1SbqeipOd4ezKUpxqaz6","name":"Baby, You Make Me Crazy","artist":"Sam Smith"},{"id":"3zesxb7sOGbeSwUrzLUP0f","name":"Palace","artist":"Sam Smith"},{"id":"6TwcRSQgztJFw8tQDrs35D","name":"The Thrill Of It All","artist":"Sam Smith"},{"id":"6t4rYZeShwJai1YSs0tWOQ","name":"Scars","artist":"Sam Smith"},{"id":"1Bxzw8ag71snOU9IbhXVD6","name":"Kids in Love","artist":"Kygo"},{"id":"6AUuRg513AfT50d52O60fS","name":"One Day At A Time","artist":"Sam Smith"},{"id":"1YqcGlCHNquxBhlUZsjhMT","name":"Ella Se Preparó","artist":"Dj Ozuna"},{"id":"5b2QnYcT9rQIkhRWt4HztQ","name":"Walk On Water (feat. Beyoncé)","artist":"Eminem"},{"id":"790MhTXPFrYkrqCKvpg4t1","name":"Wanted You (feat. Lil Uzi Vert)","artist":"NAV"},{"id":"0UioblV1x795s55Ur58c6c","name":"The Race","artist":"22 Savage"},{"id":"1Qg9jWGDkKAGZXj5v2OG59","name":"Wait","artist":"Maroon 5"},{"id":"2vjmyyAnDUzilFYxOlTdO1","name":"GUMMO","artist":"6ix9ine"},{"id":"3hmrgEKcLEQi0rlk3mJfZ7","name":"The Plan","artist":"G-Eazy"},{"id":"4EsYkJjHKMejYLp54woB9c","name":"Letterman","artist":"Wiz Khalifa"},{"id":"4AtZRwSR8BOTTQg5ihSggt","name":"PRBLMS","artist":"6LACK"},{"id":"57IRaiAB4hBZu3gnNVZC0v","name":"No Smoke","artist":"YoungBoy Never Broke Again"},{"id":"5gIRPQWULwrvIt0F6pY7ph","name":"Stranger Things","artist":"Kygo"},{"id":"1MQ8ydvrTnn2QJgXFATJvD","name":"Ex Calling","artist":"6LACK"},{"id":"14EgW52HVqnLHd30bgbPxg","name":"Darkside (with Ty Dolla $ign & Future) [feat. Kiiara]","artist":"Ty Dolla $ign"},{"id":"2nUJvBO87SkxCViQsLc9Zr","name":"Man's Not Hot","artist":"Big Shaq"},{"id":"7w9bgPAmPTtrkt2v16QWvQ","name":"Lose Yourself - Soundtrack Version","artist":"Eminem"},{"id":"7JNh1cfm0eXjqFVOzKLyau","name":"Mayores","artist":"Becky G"},{"id":"0tPQPaOKM32WgMSbPCYyRH","name":"Dirty Sexy Money (feat. Charli XCX & French Montana)","artist":"David Guetta"}]